PassengerId,Survived,Pclass,Title,Surname,Sex,Age,SibSp,Parch,FamSize,isAlone,Fare,TktNum,Embarked,Deck,CabinNumber,Side,AgeGroup,FareGroup
0,0,3,1,Braund,0,22.0,1,0,1.0,1.0,7.25,21171,3.0,-1,-1,-1,1,0
1,1,1,2,Cumings,1,38.0,1,0,2.0,0.0,71.2833,17599,1.0,2,85,1,3,3
2,1,3,2,Heikkinen,1,26.0,0,0,1.0,1.0,7.925,3101282,3.0,-1,-1,-1,2,1
3,1,1,2,Futrelle,1,35.0,1,0,1.0,1.0,53.1,113803,3.0,2,123,1,3,3
4,0,3,1,Allen,0,35.0,0,0,3.0,0.0,8.05,373450,3.0,-1,-1,-1,3,1
5,0,3,1,Moran,0,25.0,0,0,1.0,1.0,8.4583,330877,2.0,-1,-1,-1,2,1
6,0,1,1,McCarthy,0,54.0,0,0,1.0,1.0,51.8625,17463,3.0,4,46,2,3,3
7,0,3,1,Palsson,0,2.0,3,1,3.0,0.0,21.075,349909,3.0,-1,-1,-1,0,2
8,1,3,2,Johnson,1,27.0,0,2,1.0,1.0,11.1333,347742,3.0,-1,-1,-1,2,1
9,1,2,2,Nasser,1,14.0,1,0,3.0,0.0,30.0708,237736,1.0,-1,-1,-1,1,2
10,1,3,2,Sandstrom,1,4.0,1,1,1.0,1.0,16.7,9549,3.0,6,6,2,0,2
11,1,1,2,Bonnell,1,58.0,0,0,1.0,1.0,26.55,113783,3.0,2,103,1,3,2
12,0,3,1,Saundercock,0,20.0,0,0,2.0,0.0,8.05,2151,3.0,-1,-1,-1,1,1
13,0,3,1,Andersson,0,39.0,1,5,2.0,0.0,31.275,347082,3.0,-1,-1,-1,3,3
14,0,3,2,Vestrom,1,14.0,0,0,2.0,0.0,7.8542,350406,3.0,-1,-1,-1,1,0
15,1,2,2,Hewlett,1,55.0,0,0,2.0,0.0,16.0,248706,3.0,-1,-1,-1,3,2
16,0,3,1,Rice,0,2.0,4,1,1.0,1.0,29.125,382652,2.0,-1,-1,-1,0,2
17,1,2,1,Williams,0,30.0,0,0,1.0,1.0,13.0,244373,3.0,-1,-1,-1,2,1
18,0,3,2,Vander Planke,1,31.0,1,0,2.0,0.0,18.0,345763,3.0,-1,-1,-1,2,2
19,1,3,2,Masselmani,1,21.5,0,0,1.0,1.0,7.225,2649,1.0,-1,-1,-1,1,0
20,0,2,1,Fynney,0,35.0,0,0,2.0,0.0,26.0,239865,3.0,-1,-1,-1,3,2
21,1,2,1,Beesley,0,34.0,0,0,2.0,0.0,13.0,248698,3.0,3,56,2,2,1
22,1,3,2,McGowan,1,15.0,0,0,1.0,1.0,8.0292,330923,2.0,-1,-1,-1,1,1
23,1,1,1,Sloper,0,28.0,0,0,2.0,0.0,35.5,113788,3.0,0,6,2,2,3
24,0,3,2,Palsson,1,8.0,3,1,5.0,0.0,21.075,349909,3.0,-1,-1,-1,0,2
25,1,3,2,Asplund,1,38.0,1,5,2.0,0.0,31.3875,347077,3.0,-1,-1,-1,3,3
26,0,3,1,Emir,0,25.0,0,0,2.0,0.0,7.225,2631,1.0,-1,-1,-1,2,0
27,0,1,1,Fortune,0,19.0,3,2,1.0,1.0,263.0,19950,3.0,"[2, 2, 2]","[23, 25, 27]","[1, 1, 1]",1,3
28,1,3,2,O'Dwyer,1,21.5,0,0,1.0,1.0,7.8792,330959,2.0,-1,-1,-1,1,0
29,0,3,1,Todoroff,0,25.0,0,0,3.0,0.0,7.8958,349216,3.0,-1,-1,-1,2,0
30,0,1,1,Uruchurtu,0,40.0,0,0,2.0,0.0,27.7208,17601,1.0,-1,-1,-1,3,2
31,1,1,2,Spencer,1,35.0,1,0,3.0,0.0,146.5208,17569,1.0,1,78,2,3,3
32,1,3,2,Glynn,1,21.5,0,0,4.0,0.0,7.75,335677,2.0,-1,-1,-1,1,0
33,0,2,1,Wheadon,0,66.0,0,0,4.0,0.0,10.5,24579,3.0,-1,-1,-1,4,1
34,0,1,1,Meyer,0,28.0,1,0,2.0,0.0,82.1708,17604,1.0,-1,-1,-1,2,3
35,0,1,1,Holverson,0,42.0,1,0,1.0,1.0,52.0,113789,3.0,-1,-1,-1,3,3
36,1,3,1,Mamee,0,25.0,0,0,1.0,1.0,7.2292,2677,1.0,-1,-1,-1,2,0
37,0,3,1,Cann,0,21.0,0,0,1.0,1.0,8.05,2152,3.0,-1,-1,-1,1,1
38,0,3,2,Vander Planke,1,18.0,2,0,1.0,1.0,18.0,345764,3.0,-1,-1,-1,1,2
39,1,3,2,Nicola-Yarred,1,14.0,1,0,1.0,1.0,11.2417,2651,1.0,-1,-1,-1,1,1
40,0,3,2,Ahlin,1,40.0,1,0,2.0,0.0,9.475,7546,3.0,-1,-1,-1,3,1
41,0,2,2,Turpin,1,27.0,1,0,1.0,1.0,21.0,11668,3.0,-1,-1,-1,2,2
42,0,3,1,Kraeff,0,25.0,0,0,1.0,1.0,7.8958,349253,1.0,-1,-1,-1,2,0
43,1,2,2,Laroche,1,3.0,1,2,1.0,1.0,41.5792,2123,1.0,-1,-1,-1,0,3
44,1,3,2,Devaney,1,19.0,0,0,2.0,0.0,7.8792,330958,2.0,-1,-1,-1,1,0
45,0,3,1,Rogers,0,25.0,0,0,1.0,1.0,8.05,23567,3.0,-1,-1,-1,2,1
46,0,3,1,Lennon,0,25.0,1,0,1.0,1.0,15.5,370371,2.0,-1,-1,-1,2,2
47,1,3,2,O'Driscoll,1,21.5,0,0,1.0,1.0,7.75,14311,2.0,-1,-1,-1,1,0
48,0,3,1,Samaan,0,25.0,2,0,1.0,1.0,21.6792,2662,1.0,-1,-1,-1,2,2
49,0,3,2,Arnold-Franchi,1,18.0,1,0,3.0,0.0,17.8,349237,3.0,-1,-1,-1,1,2
50,0,3,1,Panula,0,7.0,4,1,2.0,0.0,39.6875,3101295,3.0,-1,-1,-1,0,3
51,0,3,1,Nosworthy,0,21.0,0,0,1.0,1.0,7.8,39886,3.0,-1,-1,-1,1,0
52,1,1,2,Harper,1,49.0,1,0,4.0,0.0,76.7292,17572,1.0,3,33,1,3,3
53,1,2,2,Faunthorpe,1,29.0,1,0,6.0,0.0,26.0,2926,3.0,-1,-1,-1,2,2
54,0,1,1,Ostby,0,65.0,0,1,1.0,1.0,61.9792,113509,1.0,1,30,2,4,3
55,1,1,1,Woolner,0,40.0,0,0,6.0,0.0,35.5,19947,3.0,2,52,2,3,3
56,1,2,2,Rugg,1,21.0,0,0,1.0,1.0,10.5,31026,3.0,-1,-1,-1,1,1
57,0,3,1,Novel,0,28.5,0,0,1.0,1.0,7.2292,2697,1.0,-1,-1,-1,2,0
58,1,2,2,West,1,5.0,1,2,2.0,0.0,27.75,34651,3.0,-1,-1,-1,0,2
59,0,3,1,Goodwin,0,11.0,5,2,1.0,1.0,46.9,2144,3.0,-1,-1,-1,0,3
60,0,3,1,Sirayanian,0,22.0,0,0,1.0,1.0,7.2292,2669,1.0,-1,-1,-1,1,0
61,1,1,2,Icard,1,38.0,0,0,1.0,1.0,80.0,113572,-1.0,1,28,2,3,3
62,0,1,1,Harris,0,45.0,1,0,1.0,1.0,83.475,36973,3.0,2,83,1,3,3
63,0,3,1,Skoog,0,4.0,3,2,1.0,1.0,27.9,347088,3.0,-1,-1,-1,0,2
64,0,1,1,Stewart,0,40.0,0,0,5.0,0.0,27.7208,17605,1.0,-1,-1,-1,3,2
65,1,3,1,Moubarek,0,25.0,1,1,1.0,1.0,15.2458,2661,1.0,-1,-1,-1,2,2
66,1,2,2,Nye,1,29.0,0,0,1.0,1.0,10.5,29395,3.0,5,33,1,2,1
67,0,3,1,Crease,0,19.0,0,0,1.0,1.0,8.1583,3464,3.0,-1,-1,-1,1,1
68,1,3,2,Andersson,1,17.0,4,2,1.0,1.0,7.925,3101281,3.0,-1,-1,-1,1,1
69,0,3,1,Kink,0,26.0,2,0,6.0,0.0,8.6625,315151,3.0,-1,-1,-1,2,1
70,0,2,1,Jenkin,0,32.0,0,0,1.0,1.0,10.5,33111,3.0,-1,-1,-1,2,1
71,0,3,2,Goodwin,1,16.0,5,2,1.0,1.0,46.9,2144,3.0,-1,-1,-1,1,3
72,0,2,1,Hood,0,21.0,0,0,1.0,1.0,73.5,14879,3.0,-1,-1,-1,1,3
73,0,3,1,Chronopoulos,0,26.0,1,0,1.0,1.0,14.4542,2680,1.0,-1,-1,-1,2,1
74,1,3,1,Bing,0,32.0,0,0,1.0,1.0,56.4958,1601,3.0,-1,-1,-1,2,3
75,0,3,1,Moen,0,25.0,0,0,1.0,1.0,7.65,348123,3.0,"[5, 6]","[-1, 73]",[1],2,0
76,0,3,1,Staneff,0,25.0,0,0,1.0,1.0,7.8958,349208,3.0,-1,-1,-1,2,0
77,0,3,1,Moutal,0,25.0,0,0,3.0,0.0,8.05,374746,3.0,-1,-1,-1,2,1
78,1,2,1,Caldwell,0,0.83,0,2,1.0,1.0,29.0,248738,3.0,-1,-1,-1,0,2
79,1,3,2,Dowdell,1,30.0,0,0,1.0,1.0,12.475,364516,3.0,-1,-1,-1,2,1
80,0,3,1,Waelens,0,22.0,0,0,3.0,0.0,9.0,345767,3.0,-1,-1,-1,1,1
81,1,3,1,Sheerlinck,0,29.0,0,0,2.0,0.0,9.5,345779,3.0,-1,-1,-1,2,1
82,1,3,2,McDermott,1,21.5,0,0,1.0,1.0,7.7875,330932,2.0,-1,-1,-1,1,0
83,0,1,1,Carrau,0,28.0,0,0,1.0,1.0,47.1,113059,3.0,-1,-1,-1,2,3
84,1,2,2,Ilett,1,17.0,0,0,1.0,1.0,10.5,14885,3.0,-1,-1,-1,1,1
85,1,3,2,Backstrom,1,33.0,3,0,2.0,0.0,15.85,3101278,3.0,-1,-1,-1,2,2
86,0,3,1,Ford,0,16.0,1,3,1.0,1.0,34.375,6608,3.0,-1,-1,-1,1,3
87,0,3,1,Slocovski,0,25.0,0,0,1.0,1.0,8.05,392086,3.0,-1,-1,-1,2,1
88,1,1,2,Fortune,1,23.0,3,2,1.0,1.0,263.0,19950,3.0,"[2, 2, 2]","[23, 25, 27]","[1, 1, 1]",1,3
89,0,3,1,Celotti,0,24.0,0,0,3.0,0.0,8.05,343275,3.0,-1,-1,-1,1,1
90,0,3,1,Christmann,0,29.0,0,0,2.0,0.0,8.05,343276,3.0,-1,-1,-1,2,1
91,0,3,1,Andreasson,0,20.0,0,0,1.0,1.0,7.8542,347466,3.0,-1,-1,-1,1,0
92,0,1,1,Chaffee,0,46.0,1,0,4.0,0.0,61.175,5734,3.0,4,31,1,3,3
93,0,3,1,Dean,0,26.0,1,2,1.0,1.0,20.575,2315,3.0,-1,-1,-1,2,2
94,0,3,1,Coxon,0,59.0,0,0,1.0,1.0,7.25,364500,3.0,-1,-1,-1,3,0
95,0,3,1,Shorney,0,25.0,0,0,1.0,1.0,8.05,374910,3.0,-1,-1,-1,2,1
96,0,1,1,Goldschmidt,0,71.0,0,0,2.0,0.0,34.6542,17754,1.0,0,5,1,4,3
97,1,1,1,Greenfield,0,23.0,0,1,1.0,1.0,63.3583,17759,1.0,"[3, 3]","[10, 12]","[2, 2]",1,3
98,1,2,2,Doling,1,34.0,0,1,1.0,1.0,23.0,231919,3.0,-1,-1,-1,2,2
99,0,2,1,Kantor,0,34.0,1,0,1.0,1.0,26.0,244367,3.0,-1,-1,-1,2,2
100,0,3,2,Petranec,1,28.0,0,0,2.0,0.0,7.8958,349245,3.0,-1,-1,-1,2,0
101,0,3,1,Petroff,0,25.0,0,0,2.0,0.0,7.8958,349215,3.0,-1,-1,-1,2,0
102,0,1,1,White,0,21.0,0,1,1.0,1.0,77.2875,35281,3.0,3,26,2,1,3
103,0,3,1,Johansson,0,33.0,0,0,1.0,1.0,8.6542,7540,3.0,-1,-1,-1,2,1
104,0,3,1,Gustafsson,0,37.0,2,0,3.0,0.0,7.925,3101276,3.0,-1,-1,-1,3,1
105,0,3,1,Mionoff,0,28.0,0,0,1.0,1.0,7.8958,349207,3.0,-1,-1,-1,2,0
106,1,3,2,Salkjelsvik,1,21.0,0,0,1.0,1.0,7.65,343120,3.0,-1,-1,-1,1,0
107,1,3,1,Moss,0,25.0,0,0,1.0,1.0,7.775,312991,3.0,-1,-1,-1,2,0
108,0,3,1,Rekic,0,38.0,0,0,1.0,1.0,7.8958,349249,3.0,-1,-1,-1,3,0
109,1,3,2,Moran,1,21.5,1,0,1.0,1.0,24.15,371110,2.0,-1,-1,-1,1,2
110,0,1,1,Porter,0,47.0,0,0,1.0,1.0,52.0,110465,3.0,2,110,2,3,3
111,0,3,2,Zabour,1,14.5,1,0,1.0,1.0,14.4542,2665,1.0,-1,-1,-1,1,1
112,0,3,1,Barton,0,22.0,0,0,1.0,1.0,8.05,324669,3.0,-1,-1,-1,1,1
113,0,3,2,Jussila,1,20.0,1,0,1.0,1.0,9.825,4136,3.0,-1,-1,-1,1,1
114,0,3,2,Attalah,1,17.0,0,0,2.0,0.0,14.4583,2627,1.0,-1,-1,-1,1,2
115,0,3,1,Pekoniemi,0,21.0,0,0,2.0,0.0,7.925,3101294,3.0,-1,-1,-1,1,1
116,0,3,1,Connors,0,70.5,0,0,1.0,1.0,7.75,370369,2.0,-1,-1,-1,4,0
117,0,2,1,Turpin,0,29.0,1,0,3.0,0.0,21.0,11668,3.0,-1,-1,-1,2,2
118,0,1,1,Baxter,0,24.0,0,1,1.0,1.0,247.5208,17558,1.0,"[1, 1]","[58, 60]","[2, 2]",1,3
119,0,3,2,Andersson,1,2.0,4,2,2.0,0.0,31.275,347082,3.0,-1,-1,-1,0,3
120,0,2,1,Hickman,0,21.0,2,0,1.0,1.0,73.5,14879,3.0,-1,-1,-1,1,3
121,0,3,1,Moore,0,25.0,0,0,2.0,0.0,8.05,54510,3.0,-1,-1,-1,2,1
122,0,2,1,Nasser,0,32.5,1,0,2.0,0.0,30.0708,237736,1.0,-1,-1,-1,2,2
123,1,2,2,Webber,1,32.5,0,0,1.0,1.0,13.0,27267,3.0,4,101,1,2,1
124,0,1,1,White,0,54.0,0,1,1.0,1.0,77.2875,35281,3.0,3,26,2,3,3
125,1,3,1,Nicola-Yarred,0,12.0,1,0,2.0,0.0,11.2417,2651,1.0,-1,-1,-1,0,1
126,0,3,1,McMahon,0,25.0,0,0,1.0,1.0,7.75,370372,2.0,-1,-1,-1,2,0
127,1,3,1,Madsen,0,24.0,0,0,3.0,0.0,7.1417,17369,3.0,-1,-1,-1,1,0
128,1,3,2,Peter,1,21.5,1,1,1.0,1.0,22.3583,2668,1.0,"[5, 4]","[-1, 69]",[1],1,2
129,0,3,1,Ekstrom,0,45.0,0,0,1.0,1.0,6.975,347061,3.0,-1,-1,-1,3,0
130,0,3,1,Drazenoic,0,33.0,0,0,1.0,1.0,7.8958,349241,1.0,-1,-1,-1,2,0
131,0,3,1,Coelho,0,20.0,0,0,1.0,1.0,7.05,3101307,3.0,-1,-1,-1,1,0
132,0,3,2,Robins,1,47.0,1,0,5.0,0.0,14.5,3337,3.0,-1,-1,-1,3,2
133,1,2,2,Weisz,1,29.0,1,0,2.0,0.0,26.0,228414,3.0,-1,-1,-1,2,2
134,0,2,1,Sobey,0,25.0,0,0,1.0,1.0,13.0,29178,3.0,-1,-1,-1,2,1
135,0,2,1,Richard,0,23.0,0,0,1.0,1.0,15.0458,2133,1.0,-1,-1,-1,1,2
136,1,1,2,Newsom,1,19.0,0,2,1.0,1.0,26.2833,11752,3.0,3,47,1,1,2
137,0,1,1,Futrelle,0,37.0,1,0,1.0,1.0,53.1,113803,3.0,2,123,1,3,3
138,0,3,1,Osen,0,16.0,0,0,1.0,1.0,9.2167,7534,3.0,-1,-1,-1,1,1
139,0,1,1,Giglio,0,24.0,0,0,8.0,0.0,79.2,17593,1.0,1,86,2,1,3
140,0,3,2,Boulos,1,21.5,0,2,8.0,0.0,15.2458,2678,1.0,-1,-1,-1,1,2
141,1,3,2,Nysten,1,22.0,0,0,1.0,1.0,7.75,347081,3.0,-1,-1,-1,1,0
142,1,3,2,Hakkarainen,1,24.0,1,0,5.0,0.0,15.85,3101279,3.0,-1,-1,-1,1,2
143,0,3,1,Burke,0,19.0,0,0,1.0,1.0,6.75,365222,2.0,-1,-1,-1,1,0
144,0,2,1,Andrew,0,18.0,0,0,1.0,1.0,11.5,231945,3.0,-1,-1,-1,1,1
145,0,2,1,Nicholls,0,19.0,1,1,4.0,0.0,36.75,33112,3.0,-1,-1,-1,1,3
146,1,3,1,Andersson,0,27.0,0,0,1.0,1.0,7.7958,350043,3.0,-1,-1,-1,2,0
147,0,3,2,Ford,1,9.0,2,2,1.0,1.0,34.375,6608,3.0,-1,-1,-1,0,3
148,0,2,1,Navratil,0,36.5,0,2,1.0,1.0,26.0,230080,3.0,5,2,2,3,2
149,0,2,1,Byles,0,42.0,0,0,3.0,0.0,13.0,244310,3.0,-1,-1,-1,3,1
150,0,2,1,Bateman,0,51.0,0,0,2.0,0.0,12.525,1166,3.0,-1,-1,-1,3,1
151,1,1,2,Pears,1,22.0,1,0,1.0,1.0,66.6,113776,3.0,2,2,2,1,3
152,0,3,1,Meo,0,55.5,0,0,1.0,1.0,8.05,11206,3.0,-1,-1,-1,3,1
153,0,3,1,van Billiard,0,40.5,0,2,3.0,0.0,14.5,851,3.0,-1,-1,-1,3,2
154,0,3,1,Olsen,0,25.0,0,0,7.0,0.0,7.3125,265302,3.0,-1,-1,-1,2,0
155,0,1,1,Williams,0,51.0,0,1,1.0,1.0,61.3792,17597,1.0,-1,-1,-1,3,3
156,1,3,2,Gilnagh,1,16.0,0,0,1.0,1.0,7.7333,35851,2.0,-1,-1,-1,1,0
157,0,3,1,Corn,0,30.0,0,0,1.0,1.0,8.05,392090,3.0,-1,-1,-1,2,1
158,0,3,1,Smiljanic,0,25.0,0,0,1.0,1.0,8.6625,315037,3.0,-1,-1,-1,2,1
159,0,3,1,Sage,0,25.0,8,2,3.0,0.0,69.55,2343,3.0,-1,-1,-1,2,3
160,0,3,1,Cribb,0,44.0,0,1,1.0,1.0,16.1,371362,3.0,-1,-1,-1,3,2
161,1,2,2,Watt,1,40.0,0,0,3.0,0.0,15.75,33595,3.0,-1,-1,-1,3,2
162,0,3,1,Bengtsson,0,26.0,0,0,1.0,1.0,7.775,347068,3.0,-1,-1,-1,2,0
163,0,3,1,Calic,0,17.0,0,0,1.0,1.0,8.6625,315093,3.0,-1,-1,-1,1,1
164,0,3,1,Panula,0,1.0,4,1,1.0,1.0,39.6875,3101295,3.0,-1,-1,-1,0,3
165,1,3,1,Goldsmith,0,9.0,0,2,3.0,0.0,20.525,363291,3.0,-1,-1,-1,0,2
166,1,1,2,Chibnall,1,35.0,0,1,1.0,1.0,55.0,113505,3.0,4,33,1,3,3
167,0,3,2,Skoog,1,45.0,1,4,5.0,0.0,27.9,347088,3.0,-1,-1,-1,3,2
168,0,1,1,Baumann,0,40.0,0,0,1.0,1.0,25.925,17318,3.0,-1,-1,-1,3,2
169,0,3,1,Ling,0,28.0,0,0,1.0,1.0,56.4958,1601,3.0,-1,-1,-1,2,3
170,0,1,1,Van der hoef,0,61.0,0,0,1.0,1.0,33.5,111240,3.0,1,19,1,4,3
171,0,3,1,Rice,0,4.0,4,1,1.0,1.0,29.125,382652,2.0,-1,-1,-1,0,2
172,1,3,2,Johnson,1,1.0,1,1,2.0,0.0,11.1333,347742,3.0,-1,-1,-1,0,1
173,0,3,1,Sivola,0,21.0,0,0,1.0,1.0,7.925,3101280,3.0,-1,-1,-1,1,1
174,0,1,1,Smith,0,56.0,0,0,7.0,0.0,30.6958,17764,1.0,0,7,1,3,2
175,0,3,1,Klasen,0,18.0,1,1,3.0,0.0,7.8542,350404,3.0,-1,-1,-1,1,0
176,0,3,1,Lefebre,0,25.0,3,1,1.0,1.0,25.4667,4133,3.0,-1,-1,-1,2,2
177,0,1,2,Isham,1,50.0,0,0,2.0,0.0,28.7125,17595,1.0,2,49,1,3,2
178,0,2,1,Hale,0,30.0,0,0,4.0,0.0,13.0,250653,3.0,-1,-1,-1,2,1
179,0,3,1,Leonard,0,36.0,0,0,3.0,0.0,0.0,-1,3.0,-1,-1,-1,3,0
180,0,3,2,Sage,1,21.5,8,2,1.0,1.0,69.55,2343,3.0,-1,-1,-1,1,3
181,0,2,1,Pernot,0,30.0,0,0,3.0,0.0,15.05,2131,1.0,-1,-1,-1,2,2
182,0,3,1,Asplund,0,9.0,4,2,2.0,0.0,31.3875,347077,3.0,-1,-1,-1,0,3
183,1,2,1,Becker,0,1.0,2,1,1.0,1.0,39.0,230136,3.0,5,4,2,0,3
184,1,3,2,Kink-Heilmann,1,4.0,0,2,3.0,0.0,22.025,315153,3.0,-1,-1,-1,0,2
185,0,1,1,Rood,0,40.0,0,0,1.0,1.0,50.0,113767,3.0,0,32,2,3,3
186,1,3,2,O'Brien,1,21.5,1,0,2.0,0.0,15.5,370365,2.0,-1,-1,-1,1,2
187,1,1,1,Romaine,0,45.0,0,0,3.0,0.0,26.55,111428,3.0,-1,-1,-1,3,2
188,0,3,1,Bourke,0,40.0,1,1,11.0,0.0,15.5,364849,2.0,-1,-1,-1,3,2
189,0,3,1,Turcin,0,36.0,0,0,1.0,1.0,7.8958,349247,3.0,-1,-1,-1,3,0
190,1,2,2,Pinsky,1,32.0,0,0,2.0,0.0,13.0,234604,3.0,-1,-1,-1,2,1
191,0,2,1,Carbines,0,19.0,0,0,1.0,1.0,13.0,28424,3.0,-1,-1,-1,1,1
192,1,3,2,Andersen-Jensen,1,19.0,1,0,3.0,0.0,7.8542,350046,3.0,-1,-1,-1,1,0
193,1,2,1,Navratil,0,3.0,1,1,1.0,1.0,26.0,230080,3.0,5,2,2,0,2
194,1,1,2,Brown,1,44.0,0,0,3.0,0.0,27.7208,17610,1.0,1,4,2,3,2
195,1,1,2,Lurette,1,58.0,0,0,1.0,1.0,146.5208,17569,1.0,1,80,2,3,3
196,0,3,1,Mernagh,0,25.0,0,0,3.0,0.0,7.75,368703,2.0,-1,-1,-1,2,0
197,0,3,1,Olsen,0,42.0,0,1,1.0,1.0,8.4042,4579,3.0,-1,-1,-1,3,1
198,1,3,2,Madigan,1,21.5,0,0,1.0,1.0,7.75,370370,2.0,-1,-1,-1,1,0
199,0,2,2,Yrois,1,24.0,0,0,1.0,1.0,13.0,248747,3.0,-1,-1,-1,1,1
200,0,3,1,Vande Walle,0,28.0,0,0,1.0,1.0,9.5,345770,3.0,-1,-1,-1,2,1
201,0,3,1,Sage,0,25.0,8,2,3.0,0.0,69.55,2343,3.0,-1,-1,-1,2,3
202,0,3,1,Johanson,0,34.0,0,0,2.0,0.0,6.4958,3101264,3.0,-1,-1,-1,2,0
203,0,3,1,Youseff,0,45.5,0,0,3.0,0.0,7.225,2628,1.0,-1,-1,-1,3,0
204,1,3,1,Cohen,0,18.0,0,0,1.0,1.0,8.05,3540,3.0,-1,-1,-1,1,1
205,0,3,2,Strom,1,2.0,0,1,1.0,1.0,10.4625,347054,3.0,6,6,2,0,1
206,0,3,1,Backstrom,0,32.0,1,0,1.0,1.0,15.85,3101278,3.0,-1,-1,-1,2,2
207,1,3,1,Albimona,0,26.0,0,0,1.0,1.0,18.7875,2699,1.0,-1,-1,-1,2,2
208,1,3,2,Carr,1,16.0,0,0,1.0,1.0,7.75,367231,2.0,-1,-1,-1,1,0
209,1,1,1,Blank,0,40.0,0,0,1.0,1.0,31.0,112277,1.0,0,31,1,3,2
210,0,3,1,Ali,0,24.0,0,0,1.0,1.0,7.05,3101311,3.0,-1,-1,-1,1,0
211,1,2,2,Cameron,1,35.0,0,0,1.0,1.0,21.0,13528,3.0,-1,-1,-1,3,2
212,0,3,1,Perkin,0,22.0,0,0,1.0,1.0,7.25,21174,3.0,-1,-1,-1,1,0
213,0,2,1,Givard,0,30.0,0,0,2.0,0.0,13.0,250646,3.0,-1,-1,-1,2,1
214,0,3,1,Kiernan,0,25.0,1,0,7.0,0.0,7.75,367229,2.0,-1,-1,-1,2,0
215,1,1,2,Newell,1,31.0,1,0,1.0,1.0,113.275,35273,1.0,3,36,2,2,3
216,1,3,2,Honkanen,1,27.0,0,0,1.0,1.0,7.925,3101283,3.0,-1,-1,-1,2,1
217,0,2,1,Jacobsohn,0,42.0,1,0,3.0,0.0,27.0,243847,3.0,-1,-1,-1,3,2
218,1,1,2,Bazzani,1,32.0,0,0,3.0,0.0,76.2917,11813,1.0,3,15,1,2,3
219,0,2,1,Harris,0,30.0,0,0,1.0,1.0,10.5,14208,3.0,-1,-1,-1,2,1
220,1,3,1,Sunderland,0,16.0,0,0,2.0,0.0,8.05,392089,3.0,-1,-1,-1,1,1
221,0,2,1,Bracken,0,27.0,0,0,1.0,1.0,13.0,220367,3.0,-1,-1,-1,2,1
222,0,3,1,Green,0,51.0,0,0,1.0,1.0,8.05,21440,3.0,-1,-1,-1,3,1
223,0,3,1,Nenkoff,0,25.0,0,0,1.0,1.0,7.8958,349234,3.0,-1,-1,-1,2,0
224,1,1,1,Hoyt,0,38.0,1,0,1.0,1.0,90.0,19943,3.0,2,93,1,3,3
225,0,3,1,Berglund,0,22.0,0,0,3.0,0.0,9.35,4348,3.0,-1,-1,-1,1,1
226,1,2,1,Mellors,0,19.0,0,0,1.0,1.0,10.5,751,3.0,-1,-1,-1,1,1
227,0,3,1,Lovell,0,20.5,0,0,1.0,1.0,7.25,21173,3.0,-1,-1,-1,1,0
228,0,2,1,Fahlstrom,0,18.0,0,0,1.0,1.0,13.0,236171,3.0,-1,-1,-1,1,1
229,0,3,2,Lefebre,1,21.5,3,1,1.0,1.0,25.4667,4133,3.0,-1,-1,-1,1,2
230,1,1,2,Harris,1,35.0,1,0,1.0,1.0,83.475,36973,3.0,2,83,1,3,3
231,0,3,1,Larsson,0,29.0,0,0,1.0,1.0,7.775,347067,3.0,-1,-1,-1,2,0
232,0,2,1,Sjostedt,0,59.0,0,0,2.0,0.0,13.5,237442,3.0,-1,-1,-1,3,1
233,1,3,2,Asplund,1,5.0,4,2,1.0,1.0,31.3875,347077,3.0,-1,-1,-1,0,3
234,0,2,1,Leyson,0,24.0,0,0,2.0,0.0,10.5,29566,3.0,-1,-1,-1,1,1
235,0,3,2,Harknett,1,21.5,0,0,1.0,1.0,7.55,6609,3.0,-1,-1,-1,1,0
236,0,2,1,Hold,0,44.0,1,0,2.0,0.0,26.0,26707,3.0,-1,-1,-1,3,2
237,1,2,2,Collyer,1,8.0,0,2,1.0,1.0,26.25,31921,3.0,-1,-1,-1,0,2
238,0,2,1,Pengelly,0,19.0,0,0,3.0,0.0,10.5,28665,3.0,-1,-1,-1,1,1
239,0,2,1,Hunt,0,33.0,0,0,2.0,0.0,12.275,1585,3.0,-1,-1,-1,2,1
240,0,3,2,Zabour,1,21.5,1,0,1.0,1.0,14.4542,2665,1.0,-1,-1,-1,1,1
241,1,3,2,Murphy,1,21.5,1,0,3.0,0.0,15.5,367230,2.0,-1,-1,-1,1,2
242,0,2,1,Coleridge,0,29.0,0,0,3.0,0.0,10.5,14263,3.0,-1,-1,-1,2,1
243,0,3,1,Maenpaa,0,22.0,0,0,1.0,1.0,7.125,3101275,3.0,-1,-1,-1,1,0
244,0,3,1,Attalah,0,30.0,0,0,4.0,0.0,7.225,2694,1.0,-1,-1,-1,2,0
245,0,1,0,Minahan,0,44.0,2,0,2.0,0.0,90.0,19928,2.0,2,78,2,3,3
246,0,3,2,Lindahl,1,25.0,0,0,1.0,1.0,7.775,347071,3.0,-1,-1,-1,2,0
247,1,2,2,Hamalainen,1,24.0,0,2,3.0,0.0,14.5,250649,3.0,-1,-1,-1,1,2
248,1,1,1,Beckwith,0,37.0,1,1,2.0,0.0,52.5542,11751,3.0,3,35,1,3,3
249,0,2,1,Carter,0,54.0,1,0,2.0,0.0,26.0,244252,3.0,-1,-1,-1,3,2
250,0,3,1,Reed,0,25.0,0,0,4.0,0.0,7.25,362316,3.0,-1,-1,-1,2,0
251,0,3,2,Strom,1,29.0,1,1,1.0,1.0,10.4625,347054,3.0,6,6,2,2,1
252,0,1,1,Stead,0,62.0,0,0,2.0,0.0,26.55,113514,3.0,2,87,1,4,2
253,0,3,1,Lobb,0,30.0,1,0,1.0,1.0,16.1,3336,3.0,-1,-1,-1,2,2
254,0,3,2,Rosblom,1,41.0,0,2,1.0,1.0,20.2125,370129,3.0,-1,-1,-1,3,2
255,1,3,2,Touma,1,29.0,0,2,1.0,1.0,15.2458,2650,1.0,-1,-1,-1,2,2
256,1,1,2,Thorne,1,35.0,0,0,1.0,1.0,79.2,17585,1.0,-1,-1,-1,3,3
257,1,1,2,Cherry,1,30.0,0,0,1.0,1.0,86.5,110152,3.0,1,77,1,2,3
258,1,1,2,Ward,1,35.0,0,0,1.0,1.0,512.3292,17755,1.0,-1,-1,-1,3,3
259,1,2,2,Parrish,1,50.0,0,1,1.0,1.0,26.0,230433,3.0,-1,-1,-1,3,2
260,0,3,1,Smith,0,25.0,0,0,2.0,0.0,7.75,384461,2.0,-1,-1,-1,2,0
261,1,3,1,Asplund,0,3.0,4,2,1.0,1.0,31.3875,347077,3.0,-1,-1,-1,0,3
262,0,1,1,Taussig,0,52.0,1,1,3.0,0.0,79.65,110413,3.0,4,67,1,3,3
263,0,1,1,Harrison,0,40.0,0,0,3.0,0.0,0.0,112059,3.0,1,94,2,3,0
264,0,3,2,Henry,1,21.5,0,0,1.0,1.0,7.75,382649,2.0,-1,-1,-1,1,0
265,0,2,1,Reeves,0,36.0,0,0,1.0,1.0,10.5,17248,3.0,-1,-1,-1,3,1
266,0,3,1,Panula,0,16.0,4,1,1.0,1.0,39.6875,3101295,3.0,-1,-1,-1,1,3
267,1,3,1,Persson,0,25.0,1,0,1.0,1.0,7.775,347083,3.0,-1,-1,-1,2,0
268,1,1,2,Graham,1,58.0,0,1,1.0,1.0,153.4625,17582,3.0,2,125,1,3,3
269,1,1,2,Bissette,1,35.0,0,0,1.0,1.0,135.6333,17760,3.0,2,99,1,3,3
270,0,1,1,Cairns,0,40.0,0,0,1.0,1.0,31.0,113798,3.0,-1,-1,-1,3,2
271,1,3,1,Tornquist,0,25.0,0,0,1.0,1.0,0.0,-1,3.0,-1,-1,-1,2,0
272,1,2,2,Mellinger,1,41.0,0,1,2.0,0.0,19.5,250644,3.0,-1,-1,-1,3,2
273,0,1,1,Natsch,0,37.0,0,1,2.0,0.0,29.7,17596,1.0,2,118,2,3,2
274,1,3,2,Healy,1,21.5,0,0,1.0,1.0,7.75,370375,2.0,-1,-1,-1,1,0
275,1,1,2,Andrews,1,63.0,1,0,2.0,0.0,77.9583,13502,3.0,3,7,1,4,3
276,0,3,2,Lindblom,1,45.0,0,0,1.0,1.0,7.75,347073,3.0,-1,-1,-1,3,0
277,0,2,1,Parkes,0,30.0,0,0,2.0,0.0,0.0,239853,3.0,-1,-1,-1,2,0
278,0,3,1,Rice,0,7.0,4,1,2.0,0.0,29.125,382652,2.0,-1,-1,-1,0,2
279,1,3,2,Abbott,1,35.0,1,1,1.0,1.0,20.25,2673,3.0,-1,-1,-1,3,2
280,0,3,1,Duane,0,65.0,0,0,1.0,1.0,7.75,336439,2.0,-1,-1,-1,4,0
281,0,3,1,Olsson,0,28.0,0,0,3.0,0.0,7.8542,347464,3.0,-1,-1,-1,2,0
282,0,3,1,de Pelsmaeker,0,16.0,0,0,1.0,1.0,9.5,345778,3.0,-1,-1,-1,1,1
283,1,3,1,Dorking,0,19.0,0,0,3.0,0.0,8.05,10482,3.0,-1,-1,-1,1,1
284,0,1,1,Smith,0,40.0,0,0,3.0,0.0,26.0,113056,3.0,0,19,1,3,2
285,0,3,1,Stankovic,0,33.0,0,0,1.0,1.0,8.6625,349239,1.0,-1,-1,-1,2,1
286,1,3,1,de Mulder,0,30.0,0,0,1.0,1.0,9.5,345774,3.0,-1,-1,-1,2,1
287,0,3,1,Naidenoff,0,22.0,0,0,2.0,0.0,7.8958,349206,3.0,-1,-1,-1,1,0
288,1,2,1,Hosono,0,42.0,0,0,1.0,1.0,13.0,237798,3.0,-1,-1,-1,3,1
289,1,3,2,Connolly,1,22.0,0,0,1.0,1.0,7.75,370373,2.0,-1,-1,-1,1,0
290,1,1,2,Barber,1,26.0,0,0,1.0,1.0,78.85,19877,3.0,-1,-1,-1,2,3
291,1,1,2,Bishop,1,19.0,1,0,1.0,1.0,91.0792,11967,1.0,1,49,1,1,3
292,0,2,1,Levy,0,36.0,0,0,1.0,1.0,12.875,2163,1.0,3,-1,-1,3,1
293,0,3,2,Haas,1,24.0,0,0,3.0,0.0,8.85,349236,3.0,-1,-1,-1,1,1
294,0,3,1,Mineff,0,24.0,0,0,1.0,1.0,7.8958,349233,3.0,-1,-1,-1,1,0
295,0,1,1,Lewy,0,40.0,0,0,1.0,1.0,27.7208,17612,1.0,-1,-1,-1,3,2
296,0,3,1,Hanna,0,23.5,0,0,4.0,0.0,7.2292,2693,1.0,-1,-1,-1,1,0
297,0,1,2,Allison,1,2.0,1,2,3.0,0.0,151.55,113781,3.0,"[2, 2]","[22, 26]","[2, 2]",0,3
298,1,1,1,Saalfeld,0,40.0,0,0,1.0,1.0,30.5,19988,3.0,2,106,2,3,2
299,1,1,2,Baxter,1,50.0,0,1,1.0,1.0,247.5208,17558,1.0,"[1, 1]","[58, 60]","[2, 2]",3,3
300,1,3,2,Kelly,1,21.5,0,0,1.0,1.0,7.75,9234,2.0,-1,-1,-1,1,0
301,1,3,1,McCoy,0,25.0,2,0,1.0,1.0,23.25,367226,2.0,-1,-1,-1,2,2
302,0,3,1,Johnson,0,19.0,0,0,2.0,0.0,0.0,-1,3.0,-1,-1,-1,1,0
303,1,2,2,Keane,1,28.0,0,0,1.0,1.0,12.35,226593,2.0,4,101,1,2,1
304,0,3,1,Williams,0,25.0,0,0,1.0,1.0,8.05,2466,3.0,-1,-1,-1,2,1
305,1,1,1,Allison,0,0.92,1,2,3.0,0.0,151.55,113781,3.0,"[2, 2]","[22, 26]","[2, 2]",0,3
306,1,1,2,Fleming,1,35.0,0,0,4.0,0.0,110.8833,17421,1.0,-1,-1,-1,3,3
307,1,1,2,Penasco y Castellana,1,17.0,1,0,2.0,0.0,108.9,17758,1.0,2,65,1,1,3
308,0,2,1,Abelson,0,30.0,1,0,3.0,0.0,24.0,3381,1.0,-1,-1,-1,2,2
309,1,1,2,Francatelli,1,30.0,0,0,2.0,0.0,56.9292,17485,1.0,4,36,2,2,3
310,1,1,2,Hays,1,24.0,0,0,1.0,1.0,83.1583,11767,1.0,2,54,2,1,3
311,1,1,2,Ryerson,1,18.0,2,2,1.0,1.0,262.375,17608,1.0,"[1, 1, 1, 1]","[57, 59, 63, 66]","[1, 1, 1, 2]",1,3
312,0,2,2,Lahtinen,1,26.0,1,1,1.0,1.0,26.0,250651,3.0,-1,-1,-1,2,2
313,0,3,1,Hendekovic,0,28.0,0,0,1.0,1.0,7.8958,349243,3.0,-1,-1,-1,2,0
314,0,2,1,Hart,0,43.0,1,1,1.0,1.0,26.25,13529,3.0,-1,-1,-1,3,2
315,1,3,2,Nilsson,1,26.0,0,0,1.0,1.0,7.8542,347470,3.0,-1,-1,-1,2,0
316,1,2,2,Kantor,1,24.0,1,0,2.0,0.0,26.0,244367,3.0,-1,-1,-1,1,2
317,0,2,0,Moraweck,0,54.0,0,0,1.0,1.0,14.0,29011,3.0,-1,-1,-1,3,1
318,1,1,2,Wick,1,31.0,0,2,1.0,1.0,164.8667,36928,3.0,2,7,1,2,3
319,1,1,2,Spedden,1,40.0,1,1,3.0,0.0,134.5,16966,1.0,4,34,2,3,3
320,0,3,1,Dennis,0,22.0,0,0,1.0,1.0,7.25,21172,3.0,-1,-1,-1,1,0
321,0,3,1,Danoff,0,27.0,0,0,1.0,1.0,7.8958,349219,3.0,-1,-1,-1,2,0
322,1,2,2,Slayter,1,30.0,0,0,1.0,1.0,12.35,234818,2.0,-1,-1,-1,2,1
323,1,2,2,Caldwell,1,22.0,1,1,1.0,1.0,29.0,248738,3.0,-1,-1,-1,1,2
324,0,3,1,Sage,0,25.0,8,2,1.0,1.0,69.55,2343,3.0,-1,-1,-1,2,3
325,1,1,2,Young,1,36.0,0,0,1.0,1.0,135.6333,17760,1.0,2,32,2,3,3
326,0,3,1,Nysveen,0,61.0,0,0,4.0,0.0,6.2375,345364,3.0,-1,-1,-1,4,0
327,1,2,2,Ball,1,36.0,0,0,1.0,1.0,13.0,28551,3.0,3,-1,-1,3,1
328,1,3,2,Goldsmith,1,31.0,1,1,2.0,0.0,20.525,363291,3.0,-1,-1,-1,2,2
329,1,1,2,Hippach,1,16.0,0,1,1.0,1.0,57.9792,111361,1.0,1,18,2,1,3
330,1,3,2,McCoy,1,21.5,2,0,3.0,0.0,23.25,367226,2.0,-1,-1,-1,1,2
331,0,1,1,Partner,0,45.5,0,0,1.0,1.0,28.5,113043,3.0,2,124,2,3,2
332,0,1,1,Graham,0,38.0,0,1,1.0,1.0,153.4625,17582,3.0,2,91,1,3,3
333,0,3,1,Vander Planke,0,16.0,2,0,3.0,0.0,18.0,345764,3.0,-1,-1,-1,1,2
334,1,1,2,Frauenthal,1,35.0,1,0,1.0,1.0,133.65,17611,3.0,-1,-1,-1,3,3
335,0,3,1,Denkoff,0,25.0,0,0,1.0,1.0,7.8958,349225,3.0,-1,-1,-1,2,0
336,0,1,1,Pears,0,29.0,1,0,1.0,1.0,66.6,113776,3.0,2,2,2,2,3
337,1,1,2,Burns,1,41.0,0,0,3.0,0.0,134.5,16966,1.0,4,40,2,3,3
338,1,3,1,Dahl,0,45.0,0,0,1.0,1.0,8.05,7598,3.0,-1,-1,-1,3,1
339,0,1,1,Blackwell,0,45.0,0,0,1.0,1.0,35.5,113784,3.0,7,-1,-1,3,3
340,1,2,1,Navratil,0,2.0,1,1,1.0,1.0,26.0,230080,3.0,5,2,2,0,2
341,1,1,2,Fortune,1,24.0,3,2,1.0,1.0,263.0,19950,3.0,"[2, 2, 2]","[23, 25, 27]","[1, 1, 1]",1,3
342,0,2,1,Collander,0,28.0,0,0,11.0,0.0,13.0,248740,3.0,-1,-1,-1,2,1
343,0,2,1,Sedgwick,0,25.0,0,0,2.0,0.0,13.0,244361,3.0,-1,-1,-1,2,1
344,0,2,1,Fox,0,36.0,0,0,3.0,0.0,13.0,229236,3.0,-1,-1,-1,3,1
345,1,2,2,Brown,1,24.0,0,0,1.0,1.0,13.0,248733,3.0,5,33,1,1,1
346,1,2,2,Smith,1,40.0,0,0,1.0,1.0,13.0,31418,3.0,-1,-1,-1,3,1
347,1,3,2,Davison,1,21.5,1,0,1.0,1.0,16.1,386525,3.0,-1,-1,-1,1,2
348,1,3,1,Coutts,0,3.0,1,1,1.0,1.0,15.9,37671,3.0,-1,-1,-1,0,2
349,0,3,1,Dimic,0,42.0,0,0,1.0,1.0,8.6625,315088,3.0,-1,-1,-1,3,1
350,0,3,1,Odahl,0,23.0,0,0,2.0,0.0,9.225,7267,3.0,-1,-1,-1,1,1
351,0,1,1,Williams-Lambert,0,40.0,0,0,1.0,1.0,35.0,113510,3.0,2,128,2,3,3
352,0,3,1,Elias,0,15.0,1,1,1.0,1.0,7.2292,2695,1.0,-1,-1,-1,1,0
353,0,3,1,Arnold-Franchi,0,25.0,1,0,4.0,0.0,17.8,349237,3.0,-1,-1,-1,2,2
354,0,3,1,Yousif,0,25.0,0,0,4.0,0.0,7.225,2647,1.0,-1,-1,-1,2,0
355,0,3,1,Vanden Steen,0,28.0,0,0,1.0,1.0,9.5,345783,3.0,-1,-1,-1,2,1
356,1,1,2,Bowerman,1,22.0,0,1,3.0,0.0,55.0,113505,3.0,4,33,1,1,3
357,0,2,2,Funk,1,38.0,0,0,1.0,1.0,13.0,237671,3.0,-1,-1,-1,3,1
358,1,3,2,McGovern,1,21.5,0,0,1.0,1.0,7.8792,330931,2.0,-1,-1,-1,1,0
359,1,3,2,Mockler,1,21.5,0,0,2.0,0.0,7.8792,330980,2.0,-1,-1,-1,1,0
360,0,3,1,Skoog,0,40.0,1,4,11.0,0.0,27.9,347088,3.0,-1,-1,-1,3,2
361,0,2,1,del Carlo,0,29.0,1,0,3.0,0.0,27.7208,2167,1.0,-1,-1,-1,2,2
362,0,3,2,Barbara,1,45.0,0,1,1.0,1.0,14.4542,2691,1.0,-1,-1,-1,3,1
363,0,3,1,Asim,0,35.0,0,0,1.0,1.0,7.05,3101310,3.0,-1,-1,-1,3,0
364,0,3,1,O'Brien,0,25.0,1,0,2.0,0.0,15.5,370365,2.0,-1,-1,-1,2,2
365,0,3,1,Adahl,0,30.0,0,0,11.0,0.0,7.25,7076,3.0,-1,-1,-1,2,0
366,1,1,2,Warren,1,60.0,1,0,2.0,0.0,75.25,110813,1.0,3,37,1,4,3
367,1,3,2,Moussa,1,21.5,0,0,1.0,1.0,7.2292,2626,1.0,-1,-1,-1,1,0
368,1,3,2,Jermyn,1,21.5,0,0,2.0,0.0,7.75,14313,2.0,-1,-1,-1,1,0
369,1,1,2,Aubart,1,24.0,0,0,1.0,1.0,69.3,17477,1.0,1,35,1,1,3
370,1,1,1,Harder,0,25.0,1,0,2.0,0.0,55.4417,11765,1.0,4,50,2,2,3
371,0,3,1,Wiklund,0,18.0,1,0,1.0,1.0,6.4958,3101267,3.0,-1,-1,-1,1,0
372,0,3,1,Beavan,0,19.0,0,0,1.0,1.0,8.05,323951,3.0,-1,-1,-1,1,1
373,0,1,1,Ringhini,0,22.0,0,0,1.0,1.0,135.6333,17760,1.0,-1,-1,-1,1,3
374,0,3,2,Palsson,1,3.0,3,1,3.0,0.0,21.075,349909,3.0,-1,-1,-1,0,2
375,1,1,2,Meyer,1,35.0,1,0,1.0,1.0,82.1708,17604,1.0,-1,-1,-1,3,3
376,1,3,2,Landergren,1,22.0,0,0,3.0,0.0,7.25,7077,3.0,-1,-1,-1,1,0
377,0,1,1,Widener,0,27.0,0,2,1.0,1.0,211.5,113503,1.0,2,82,2,2,3
378,0,3,1,Betros,0,20.0,0,0,1.0,1.0,4.0125,2648,1.0,-1,-1,-1,1,0
379,0,3,1,Gustafsson,0,19.0,0,0,7.0,0.0,7.775,347069,3.0,-1,-1,-1,1,0
380,1,1,2,Bidois,1,42.0,0,0,1.0,1.0,227.525,17757,1.0,-1,-1,-1,3,3
381,1,3,2,Nakid,1,1.0,0,2,1.0,1.0,15.7417,2653,1.0,-1,-1,-1,0,2
382,0,3,1,Tikkanen,0,32.0,0,0,1.0,1.0,7.925,3101293,3.0,-1,-1,-1,2,1
383,1,1,2,Holverson,1,35.0,1,0,2.0,0.0,52.0,113789,3.0,-1,-1,-1,3,3
384,0,3,1,Plotcharsky,0,25.0,0,0,1.0,1.0,7.8958,349227,3.0,-1,-1,-1,2,0
385,0,2,1,Davies,0,18.0,0,0,4.0,0.0,73.5,14879,3.0,-1,-1,-1,1,3
386,0,3,1,Goodwin,0,1.0,5,2,1.0,1.0,46.9,2144,3.0,-1,-1,-1,0,3
387,1,2,2,Buss,1,36.0,0,0,1.0,1.0,13.0,27849,3.0,-1,-1,-1,3,1
388,0,3,1,Sadlier,0,25.0,0,0,1.0,1.0,7.7292,367655,2.0,-1,-1,-1,2,0
389,1,2,2,Lehmann,1,17.0,0,0,5.0,0.0,12.0,1748,1.0,-1,-1,-1,1,1
390,1,1,1,Carter,0,36.0,1,2,1.0,1.0,120.0,113760,3.0,"[1, 1]","[96, 98]","[2, 2]",3,3
391,1,3,1,Jansson,0,21.0,0,0,2.0,0.0,7.7958,350034,3.0,-1,-1,-1,1,0
392,0,3,1,Gustafsson,0,28.0,2,0,3.0,0.0,7.925,3101277,3.0,-1,-1,-1,2,1
393,1,1,2,Newell,1,23.0,1,0,1.0,1.0,113.275,35273,1.0,3,36,2,1,3
394,1,3,2,Sandstrom,1,24.0,0,2,5.0,0.0,16.7,9549,3.0,6,6,2,1,2
395,0,3,1,Johansson,0,22.0,0,0,2.0,0.0,7.7958,350052,3.0,-1,-1,-1,1,0
396,0,3,2,Olsson,1,31.0,0,0,1.0,1.0,7.8542,350407,3.0,-1,-1,-1,2,0
397,0,2,1,McKane,0,46.0,0,0,3.0,0.0,26.0,28403,3.0,-1,-1,-1,3,2
398,0,2,0,Pain,0,23.0,0,0,1.0,1.0,10.5,244278,3.0,-1,-1,-1,1,1
399,1,2,2,Trout,1,28.0,0,0,1.0,1.0,12.65,240929,3.0,-1,-1,-1,2,1
400,1,3,1,Niskanen,0,39.0,0,0,1.0,1.0,7.925,3101289,3.0,-1,-1,-1,3,1
401,0,3,1,Adams,0,26.0,0,0,2.0,0.0,8.05,341826,3.0,-1,-1,-1,2,1
402,0,3,2,Jussila,1,21.0,1,0,2.0,0.0,9.825,4137,3.0,-1,-1,-1,1,1
403,0,3,1,Hakkarainen,0,28.0,1,0,1.0,1.0,15.85,3101279,3.0,-1,-1,-1,2,2
404,0,3,2,Oreskovic,1,20.0,0,0,2.0,0.0,8.6625,315096,3.0,-1,-1,-1,1,1
405,0,2,1,Gale,0,34.0,1,0,1.0,1.0,21.0,28664,3.0,-1,-1,-1,2,2
406,0,3,1,Widegren,0,51.0,0,0,2.0,0.0,7.75,347064,3.0,-1,-1,-1,3,0
407,1,2,1,Richards,0,3.0,1,1,3.0,0.0,18.75,29106,3.0,-1,-1,-1,0,2
408,0,3,1,Birkeland,0,21.0,0,0,1.0,1.0,7.775,312992,3.0,-1,-1,-1,1,0
409,0,3,2,Lefebre,1,21.5,3,1,3.0,0.0,25.4667,4133,3.0,-1,-1,-1,1,2
410,0,3,1,Sdycoff,0,25.0,0,0,1.0,1.0,7.8958,349222,3.0,-1,-1,-1,2,0
411,0,3,1,Hart,0,25.0,0,0,2.0,0.0,6.8583,394140,2.0,-1,-1,-1,2,0
412,1,1,2,Minahan,1,33.0,1,0,1.0,1.0,90.0,19928,2.0,2,78,2,2,3
413,0,2,1,Cunningham,0,30.0,0,0,1.0,1.0,0.0,239853,3.0,-1,-1,-1,2,0
414,1,3,1,Sundman,0,44.0,0,0,1.0,1.0,7.925,3101269,3.0,-1,-1,-1,3,1
415,0,3,2,Meek,1,21.5,0,0,1.0,1.0,8.05,343095,3.0,-1,-1,-1,1,1
416,1,2,2,Drew,1,34.0,1,1,1.0,1.0,32.5,28220,3.0,-1,-1,-1,2,3
417,1,2,2,Silven,1,18.0,0,2,3.0,0.0,13.0,250652,3.0,-1,-1,-1,1,1
418,0,2,1,Matthews,0,30.0,0,0,,,13.0,28228,3.0,-1,-1,-1,2,1
419,0,3,2,Van Impe,1,10.0,0,2,,,24.15,345773,3.0,-1,-1,-1,0,2
420,0,3,1,Gheorgheff,0,25.0,0,0,,,7.8958,349254,1.0,-1,-1,-1,2,0
421,0,3,1,Charters,0,21.0,0,0,,,7.7333,13032,2.0,-1,-1,-1,1,0
422,0,3,1,Zimmerman,0,29.0,0,0,,,7.875,315082,3.0,-1,-1,-1,2,0
423,0,3,2,Danbom,1,28.0,1,1,,,14.4,347080,3.0,-1,-1,-1,2,1
424,0,3,1,Rosblom,0,18.0,1,1,,,20.2125,370129,3.0,-1,-1,-1,1,2
425,0,3,1,Wiseman,0,25.0,0,0,,,7.25,34244,3.0,-1,-1,-1,2,0
426,1,2,2,Clarke,1,28.0,1,0,,,26.0,2003,3.0,-1,-1,-1,2,2
427,1,2,2,Phillips,1,19.0,0,0,,,26.0,250655,3.0,-1,-1,-1,1,2
428,0,3,1,Flynn,0,25.0,0,0,,,7.75,364851,2.0,-1,-1,-1,2,0
429,1,3,1,Pickard,0,32.0,0,0,,,8.05,392078,3.0,4,10,2,2,1
430,1,1,1,Bjornstrom-Steffansson,0,28.0,0,0,,,26.55,110564,3.0,2,52,2,2,2
431,1,3,2,Thorneycroft,1,21.5,1,0,,,16.1,376564,3.0,-1,-1,-1,1,2
432,1,2,2,Louch,1,42.0,1,0,,,26.0,3085,3.0,-1,-1,-1,3,2
433,0,3,1,Kallio,0,17.0,0,0,,,7.125,3101274,3.0,-1,-1,-1,1,0
434,0,1,1,Silvey,0,50.0,1,0,,,55.9,13507,3.0,4,44,2,3,3
435,1,1,2,Carter,1,14.0,1,2,,,120.0,113760,3.0,"[1, 1]","[96, 98]","[2, 2]",1,3
436,0,3,2,Ford,1,21.0,2,2,,,34.375,6608,3.0,-1,-1,-1,1,3
437,1,2,2,Richards,1,24.0,2,3,,,18.75,29106,3.0,-1,-1,-1,1,2
438,0,1,1,Fortune,0,64.0,1,4,,,263.0,19950,3.0,"[2, 2, 2]","[23, 25, 27]","[1, 1, 1]",4,3
439,0,2,1,Kvillner,0,31.0,0,0,,,10.5,18723,3.0,-1,-1,-1,2,1
440,1,2,2,Hart,1,45.0,1,1,,,26.25,13529,3.0,-1,-1,-1,3,2
441,0,3,1,Hampe,0,20.0,0,0,,,9.5,345769,3.0,-1,-1,-1,1,1
442,0,3,1,Petterson,0,25.0,1,0,,,7.775,347076,3.0,-1,-1,-1,2,0
443,1,2,2,Reynaldo,1,28.0,0,0,,,13.0,230434,3.0,-1,-1,-1,2,1
444,1,3,1,Johannesen-Bratthammer,0,25.0,0,0,,,8.1125,65306,3.0,-1,-1,-1,2,1
445,1,1,1,Dodge,0,4.0,0,2,,,81.8583,33638,3.0,0,34,2,0,3
446,1,2,2,Mellinger,1,13.0,0,1,,,19.5,250644,3.0,-1,-1,-1,0,2
447,1,1,1,Seward,0,34.0,0,0,,,26.55,113794,3.0,-1,-1,-1,2,2
448,1,3,2,Baclini,1,5.0,2,1,,,19.2583,2666,1.0,-1,-1,-1,0,2
449,1,1,1,Peuchen,0,52.0,0,0,,,30.5,113786,3.0,2,104,2,3,2
450,0,2,1,West,0,36.0,1,2,,,27.75,34651,3.0,-1,-1,-1,3,2
451,0,3,1,Hagland,0,25.0,1,0,,,19.9667,65303,3.0,-1,-1,-1,2,2
452,0,1,1,Foreman,0,30.0,0,0,,,27.75,113051,1.0,2,111,1,2,2
453,1,1,1,Goldenberg,0,49.0,1,0,,,89.1042,17453,1.0,2,92,2,3,3
454,0,3,1,Peduzzi,0,25.0,0,0,,,8.05,2817,3.0,-1,-1,-1,2,1
455,1,3,1,Jalsevac,0,29.0,0,0,,,7.8958,349240,1.0,-1,-1,-1,2,0
456,0,1,1,Millet,0,65.0,0,0,,,26.55,13509,3.0,4,38,2,4,2
457,1,1,2,Kenyon,1,35.0,1,0,,,51.8625,17464,3.0,3,21,1,3,3
458,1,2,2,Toomey,1,50.0,0,0,,,10.5,13531,3.0,-1,-1,-1,3,1
459,0,3,1,O'Connor,0,25.0,0,0,,,7.75,371060,2.0,-1,-1,-1,2,0
460,1,1,1,Anderson,0,48.0,0,0,,,26.55,19952,3.0,4,12,2,3,2
461,0,3,1,Morley,0,34.0,0,0,,,8.05,364506,3.0,-1,-1,-1,2,1
462,0,1,1,Gee,0,47.0,0,0,,,38.5,111320,3.0,4,63,1,3,3
463,0,2,1,Milling,0,48.0,0,0,,,13.0,234360,3.0,-1,-1,-1,3,1
464,0,3,1,Maisner,0,25.0,0,0,,,8.05,2816,3.0,-1,-1,-1,2,1
465,0,3,1,Goncalves,0,38.0,0,0,,,7.05,3101306,3.0,-1,-1,-1,3,0
466,0,2,1,Campbell,0,30.0,0,0,,,0.0,239853,3.0,-1,-1,-1,2,0
467,0,1,1,Smart,0,56.0,0,0,,,26.55,113792,3.0,-1,-1,-1,3,2
468,0,3,1,Scanlan,0,25.0,0,0,,,7.725,36209,2.0,-1,-1,-1,2,0
469,1,3,2,Baclini,1,0.75,2,1,,,19.2583,2666,1.0,-1,-1,-1,0,2
470,0,3,1,Keefe,0,25.0,0,0,,,7.25,323592,3.0,-1,-1,-1,2,0
471,0,3,1,Cacic,0,38.0,0,0,,,8.6625,315089,3.0,-1,-1,-1,3,1
472,1,2,2,West,1,33.0,1,2,,,27.75,34651,3.0,-1,-1,-1,2,2
473,1,2,2,Jerwan,1,23.0,0,0,,,13.7917,541,1.0,3,-1,-1,1,1
474,0,3,2,Strandberg,1,22.0,0,0,,,9.8375,7553,3.0,-1,-1,-1,1,1
475,0,1,1,Clifford,0,40.0,0,0,,,52.0,110465,3.0,0,14,2,3,3
476,0,2,1,Renouf,0,34.0,1,0,,,21.0,31027,3.0,-1,-1,-1,2,2
477,0,3,1,Braund,0,29.0,1,0,,,7.0458,3460,3.0,-1,-1,-1,2,0
478,0,3,1,Karlsson,0,22.0,0,0,,,7.5208,350060,3.0,-1,-1,-1,1,0
479,1,3,2,Hirvonen,1,2.0,0,1,,,12.2875,3101298,3.0,-1,-1,-1,0,1
480,0,3,1,Goodwin,0,9.0,5,2,,,46.9,2144,3.0,-1,-1,-1,0,3
481,0,2,1,Frost,0,30.0,0,0,,,0.0,239854,3.0,-1,-1,-1,2,0
482,0,3,1,Rouse,0,50.0,0,0,,,8.05,3594,3.0,-1,-1,-1,3,1
483,1,3,2,Turkula,1,63.0,0,0,,,9.5875,4134,3.0,-1,-1,-1,4,1
484,1,1,1,Bishop,0,25.0,1,0,,,91.0792,11967,1.0,1,49,1,2,3
485,0,3,2,Lefebre,1,21.5,3,1,,,25.4667,4133,3.0,-1,-1,-1,1,2
486,1,1,2,Hoyt,1,35.0,1,0,,,90.0,19943,3.0,2,93,1,3,3
487,0,1,1,Kent,0,58.0,0,0,,,29.7,11771,1.0,1,37,1,3,2
488,0,3,1,Somerton,0,30.0,0,0,,,8.05,18509,3.0,-1,-1,-1,2,1
489,1,3,1,Coutts,0,9.0,1,1,,,15.9,37671,3.0,-1,-1,-1,0,2
490,0,3,1,Hagland,0,25.0,1,0,,,19.9667,65304,3.0,-1,-1,-1,2,2
491,0,3,1,Windelov,0,21.0,0,0,,,7.25,3101317,3.0,-1,-1,-1,1,0
492,0,1,1,Molson,0,55.0,0,0,,,30.5,113787,3.0,2,30,2,3,2
493,0,1,1,Artagaveytia,0,71.0,0,0,,,49.5042,17609,1.0,-1,-1,-1,4,3
494,0,3,1,Stanley,0,21.0,0,0,,,8.05,45380,3.0,-1,-1,-1,1,1
495,0,3,1,Yousseff,0,25.0,0,0,,,14.4583,2627,1.0,-1,-1,-1,2,2
496,1,1,2,Eustis,1,54.0,1,0,,,78.2667,36947,1.0,3,20,2,3,3
497,0,3,1,Shellard,0,25.0,0,0,,,15.1,6212,3.0,-1,-1,-1,2,2
498,0,1,2,Allison,1,25.0,1,2,,,151.55,113781,3.0,"[2, 2]","[22, 26]","[2, 2]",2,3
499,0,3,1,Svensson,0,24.0,0,0,,,7.7958,350035,3.0,-1,-1,-1,1,0
500,0,3,1,Calic,0,17.0,0,0,,,8.6625,315086,3.0,-1,-1,-1,1,1
501,0,3,2,Canavan,1,21.0,0,0,,,7.75,364846,2.0,-1,-1,-1,1,0
502,0,3,2,O'Sullivan,1,21.5,0,0,,,7.6292,330909,2.0,-1,-1,-1,1,0
503,0,3,2,Laitinen,1,37.0,0,0,,,9.5875,4135,3.0,-1,-1,-1,3,1
504,1,1,2,Maioni,1,16.0,0,0,,,86.5,110152,3.0,1,79,1,1,3
505,0,1,1,Penasco y Castellana,0,18.0,1,0,,,108.9,17758,1.0,2,65,1,1,3
506,1,2,2,Quick,1,33.0,0,2,,,26.0,26360,3.0,-1,-1,-1,2,2
507,1,1,1,Bradley,0,40.0,0,0,,,26.55,111427,3.0,-1,-1,-1,3,2
508,0,3,1,Olsen,0,28.0,0,0,,,22.525,4001,3.0,-1,-1,-1,2,2
509,1,3,1,Lang,0,26.0,0,0,,,56.4958,1601,3.0,-1,-1,-1,2,3
510,1,3,1,Daly,0,29.0,0,0,,,7.75,382651,2.0,-1,-1,-1,2,0
511,0,3,1,Webber,0,25.0,0,0,,,8.05,3101316,3.0,-1,-1,-1,2,1
512,1,1,1,McGough,0,36.0,0,0,,,26.2875,17473,3.0,4,25,1,3,2
513,1,1,2,Rothschild,1,54.0,1,0,,,59.4,17603,1.0,-1,-1,-1,3,3
514,0,3,1,Coleff,0,24.0,0,0,,,7.4958,349209,3.0,-1,-1,-1,1,0
515,0,1,1,Walker,0,47.0,0,0,,,34.0208,36967,3.0,3,46,2,3,3
516,1,2,2,Lemore,1,34.0,0,0,,,10.5,34260,3.0,5,33,1,2,1
517,0,3,1,Ryan,0,25.0,0,0,,,24.15,371110,2.0,-1,-1,-1,2,2
518,1,2,2,Angle,1,36.0,1,0,,,26.0,226875,3.0,-1,-1,-1,3,2
519,0,3,1,Pavlovic,0,32.0,0,0,,,7.8958,349242,3.0,-1,-1,-1,2,0
520,1,1,2,Perreault,1,30.0,0,0,,,93.5,12749,3.0,1,73,1,2,3
521,0,3,1,Vovk,0,22.0,0,0,,,7.8958,349252,3.0,-1,-1,-1,1,0
522,0,3,1,Lahoud,0,25.0,0,0,,,7.225,2624,1.0,-1,-1,-1,2,0
523,1,1,2,Hippach,1,44.0,0,1,,,57.9792,111361,1.0,1,18,2,3,3
524,0,3,1,Kassem,0,25.0,0,0,,,7.2292,2700,1.0,-1,-1,-1,2,0
525,0,3,1,Farrell,0,40.5,0,0,,,7.75,367232,2.0,-1,-1,-1,3,0
526,1,2,2,Ridsdale,1,50.0,0,0,,,10.5,14258,3.0,-1,-1,-1,3,1
527,0,1,1,Farthing,0,40.0,0,0,,,221.7792,17483,3.0,2,95,1,3,3
528,0,3,1,Salonen,0,39.0,0,0,,,7.925,3101296,3.0,-1,-1,-1,3,1
529,0,2,1,Hocking,0,23.0,2,1,,,11.5,29104,3.0,-1,-1,-1,1,1
530,1,2,2,Quick,1,2.0,1,1,,,26.0,26360,3.0,-1,-1,-1,0,2
531,0,3,1,Toufik,0,25.0,0,0,,,7.2292,2641,1.0,-1,-1,-1,2,0
532,0,3,1,Elias,0,17.0,1,1,,,7.2292,2690,1.0,-1,-1,-1,1,0
533,1,3,2,Peter,1,21.5,0,2,,,22.3583,2668,1.0,-1,-1,-1,1,2
534,0,3,2,Cacic,1,30.0,0,0,,,8.6625,315084,3.0,-1,-1,-1,2,1
535,1,2,2,Hart,1,7.0,0,2,,,26.25,13529,3.0,-1,-1,-1,0,2
536,0,1,1,Butt,0,45.0,0,0,,,26.55,113050,3.0,1,38,2,3,2
537,1,1,2,LeRoy,1,30.0,0,0,,,106.425,17761,1.0,-1,-1,-1,2,3
538,0,3,1,Risien,0,25.0,0,0,,,14.5,364498,3.0,-1,-1,-1,2,2
539,1,1,2,Frolicher,1,22.0,0,2,,,49.5,13568,1.0,1,39,1,1,3
540,1,1,2,Crosby,1,36.0,0,2,,,71.0,5735,3.0,1,22,2,3,3
541,0,3,2,Andersson,1,9.0,4,2,,,31.275,347082,3.0,-1,-1,-1,0,3
542,0,3,2,Andersson,1,11.0,4,2,,,31.275,347082,3.0,-1,-1,-1,0,3
543,1,2,1,Beane,0,32.0,1,0,,,26.0,2908,3.0,-1,-1,-1,2,2
544,0,1,1,Douglas,0,50.0,1,0,,,106.425,17761,1.0,2,86,2,3,3
545,0,1,1,Nicholson,0,64.0,0,0,,,26.0,693,3.0,-1,-1,-1,4,2
546,1,2,2,Beane,1,19.0,1,0,,,26.0,2908,3.0,-1,-1,-1,1,2
547,1,2,1,Padro y Manent,0,30.0,0,0,,,13.8625,2146,1.0,-1,-1,-1,2,1
548,0,3,1,Goldsmith,0,33.0,1,1,,,20.525,363291,3.0,-1,-1,-1,2,2
549,1,2,1,Davies,0,8.0,1,1,,,36.75,33112,3.0,-1,-1,-1,0,3
550,1,1,1,Thayer,0,17.0,0,2,,,110.8833,17421,1.0,2,70,2,1,3
551,0,2,1,Sharp,0,27.0,0,0,,,26.0,244358,3.0,-1,-1,-1,2,2
552,0,3,1,O'Brien,0,25.0,0,0,,,7.8292,330979,2.0,-1,-1,-1,2,0
553,1,3,1,Leeni,0,22.0,0,0,,,7.225,2620,1.0,-1,-1,-1,1,0
554,1,3,2,Ohman,1,22.0,0,0,,,7.775,347085,3.0,-1,-1,-1,1,0
555,0,1,1,Wright,0,62.0,0,0,,,26.55,113807,3.0,-1,-1,-1,4,2
556,1,1,1,Duff Gordon,1,48.0,1,0,,,39.6,11755,1.0,0,16,2,3,3
557,0,1,1,Robbins,0,40.0,0,0,,,227.525,17757,1.0,-1,-1,-1,3,3
558,1,1,2,Taussig,1,39.0,1,1,,,79.65,110413,3.0,4,67,1,3,3
559,1,3,2,de Messemaeker,1,36.0,1,0,,,17.4,345572,3.0,-1,-1,-1,3,2
560,0,3,1,Morrow,0,25.0,0,0,,,7.75,372622,2.0,-1,-1,-1,2,0
561,0,3,1,Sivic,0,40.0,0,0,,,7.8958,349251,3.0,-1,-1,-1,3,0
562,0,2,1,Norman,0,28.0,0,0,,,13.5,218629,3.0,-1,-1,-1,2,1
563,0,3,1,Simmons,0,25.0,0,0,,,8.05,392082,3.0,-1,-1,-1,2,1
564,0,3,2,Meanwell,1,21.5,0,0,,,8.05,392087,3.0,-1,-1,-1,1,1
565,0,3,1,Davies,0,24.0,2,0,,,24.15,48871,3.0,-1,-1,-1,1,2
566,0,3,1,Stoytcheff,0,19.0,0,0,,,7.8958,349205,3.0,-1,-1,-1,1,0
567,0,3,2,Palsson,1,29.0,0,4,,,21.075,349909,3.0,-1,-1,-1,2,2
568,0,3,1,Doharr,0,25.0,0,0,,,7.2292,2686,1.0,-1,-1,-1,2,0
569,1,3,1,Jonsson,0,32.0,0,0,,,7.8542,350417,3.0,-1,-1,-1,2,0
570,1,2,1,Harris,0,62.0,0,0,,,10.5,752,3.0,-1,-1,-1,4,1
571,1,1,2,Appleton,1,53.0,2,0,,,51.4792,11769,3.0,2,101,1,3,3
572,1,1,1,Flynn,0,36.0,0,0,,,26.3875,17474,3.0,4,25,1,3,2
573,1,3,2,Kelly,1,21.5,0,0,,,7.75,14312,2.0,-1,-1,-1,1,0
574,0,3,1,Rush,0,16.0,0,0,,,8.05,20589,3.0,-1,-1,-1,1,1
575,0,3,1,Patchett,0,19.0,0,0,,,14.5,358585,3.0,-1,-1,-1,1,2
576,1,2,2,Garside,1,34.0,0,0,,,13.0,243880,3.0,-1,-1,-1,2,1
577,1,1,2,Silvey,1,39.0,1,0,,,55.9,13507,3.0,4,44,2,3,3
578,0,3,2,Caram,1,21.5,1,0,,,14.4583,2689,1.0,-1,-1,-1,1,2
579,1,3,1,Jussila,0,32.0,0,0,,,7.925,3101286,3.0,-1,-1,-1,2,1
580,1,2,2,Christy,1,25.0,1,1,,,30.0,237789,3.0,-1,-1,-1,2,2
581,1,1,2,Thayer,1,39.0,1,1,,,110.8833,17421,1.0,2,68,2,3,3
582,0,2,1,Downton,0,54.0,0,0,,,26.0,28403,3.0,-1,-1,-1,3,2
583,0,1,1,Ross,0,36.0,0,0,,,40.125,13049,1.0,0,10,2,3,3
584,0,3,1,Paulner,0,25.0,0,0,,,8.7125,3411,1.0,-1,-1,-1,2,1
585,1,1,2,Taussig,1,18.0,0,2,,,79.65,110413,3.0,4,68,2,1,3
586,0,2,1,Jarvis,0,47.0,0,0,,,15.0,237565,3.0,-1,-1,-1,3,2
587,1,1,1,Frolicher-Stehli,0,60.0,1,1,,,79.2,13567,1.0,1,41,1,4,3
588,0,3,1,Gilinski,0,22.0,0,0,,,8.05,14973,3.0,-1,-1,-1,1,1
589,0,3,1,Murdlin,0,25.0,0,0,,,8.05,3235,3.0,-1,-1,-1,2,1
590,0,3,1,Rintamaki,0,35.0,0,0,,,7.125,3101273,3.0,-1,-1,-1,3,0
591,1,1,2,Stephenson,1,52.0,1,0,,,78.2667,36947,1.0,3,20,2,3,3
592,0,3,1,Elsbury,0,47.0,0,0,,,7.25,3902,3.0,-1,-1,-1,3,0
593,0,3,2,Bourke,1,21.5,0,2,,,7.75,364848,2.0,-1,-1,-1,1,0
594,0,2,1,Chapman,0,37.0,1,0,,,26.0,29037,3.0,-1,-1,-1,3,2
595,0,3,1,Van Impe,0,36.0,1,1,,,24.15,345773,3.0,-1,-1,-1,3,2
596,1,2,2,Leitch,1,28.0,0,0,,,33.0,248727,3.0,-1,-1,-1,2,3
597,0,3,1,Johnson,0,49.0,0,0,,,0.0,-1,3.0,-1,-1,-1,3,0
598,0,3,1,Boulos,0,25.0,0,0,,,7.225,2664,1.0,-1,-1,-1,2,0
599,1,1,1,Duff Gordon,0,49.0,1,0,,,56.9292,17485,1.0,0,20,2,3,3
600,1,2,2,Jacobsohn,1,24.0,2,1,,,27.0,243847,3.0,-1,-1,-1,1,2
601,0,3,1,Slabenoff,0,25.0,0,0,,,7.8958,349214,3.0,-1,-1,-1,2,0
602,0,1,1,Harrington,0,40.0,0,0,,,42.4,113796,3.0,-1,-1,-1,3,3
603,0,3,1,Torber,0,44.0,0,0,,,8.05,364511,3.0,-1,-1,-1,3,1
604,1,1,1,Homer,0,35.0,0,0,,,26.55,111426,1.0,-1,-1,-1,3,2
605,0,3,1,Lindell,0,36.0,1,0,,,15.55,349910,3.0,-1,-1,-1,3,2
606,0,3,1,Karaic,0,30.0,0,0,,,7.8958,349246,3.0,-1,-1,-1,2,0
607,1,1,1,Daniel,0,27.0,0,0,,,30.5,113804,3.0,-1,-1,-1,2,2
608,1,2,2,Laroche,1,22.0,1,2,,,41.5792,2123,1.0,-1,-1,-1,1,3
609,1,1,2,Shutes,1,40.0,0,0,,,153.4625,17582,3.0,2,125,1,3,3
610,0,3,2,Andersson,1,39.0,1,5,,,31.275,347082,3.0,-1,-1,-1,3,3
611,0,3,1,Jardin,0,25.0,0,0,,,7.05,3101305,3.0,-1,-1,-1,2,0
612,1,3,2,Murphy,1,21.5,1,0,,,15.5,367230,2.0,-1,-1,-1,1,2
613,0,3,1,Horgan,0,25.0,0,0,,,7.75,370377,2.0,-1,-1,-1,2,0
614,0,3,1,Brocklebank,0,35.0,0,0,,,8.05,364512,3.0,-1,-1,-1,3,1
615,1,2,2,Herman,1,24.0,1,2,,,65.0,220845,3.0,-1,-1,-1,1,3
616,0,3,1,Danbom,0,34.0,1,1,,,14.4,347080,3.0,-1,-1,-1,2,1
617,0,3,2,Lobb,1,26.0,1,0,,,16.1,3336,3.0,-1,-1,-1,2,2
618,1,2,2,Becker,1,4.0,2,1,,,39.0,230136,3.0,5,4,2,0,3
619,0,2,1,Gavey,0,26.0,0,0,,,10.5,31028,3.0,-1,-1,-1,2,1
620,0,3,1,Yasbeck,0,27.0,1,0,,,14.4542,2659,1.0,-1,-1,-1,2,1
621,1,1,1,Kimball,0,42.0,1,0,,,52.5542,11753,3.0,3,19,1,3,3
622,1,3,1,Nakid,0,20.0,1,1,,,15.7417,2653,1.0,-1,-1,-1,1,2
623,0,3,1,Hansen,0,21.0,0,0,,,7.8542,350029,3.0,-1,-1,-1,1,0
624,0,3,1,Bowen,0,21.0,0,0,,,16.1,54636,3.0,-1,-1,-1,1,2
625,0,1,1,Sutton,0,61.0,0,0,,,32.3208,36963,3.0,3,50,2,4,3
626,0,2,1,Kirkland,0,57.0,0,0,,,12.35,219533,2.0,-1,-1,-1,3,1
627,1,1,2,Longley,1,21.0,0,0,,,77.9583,13502,3.0,3,9,1,1,3
628,0,3,1,Bostandyeff,0,26.0,0,0,,,7.8958,349224,3.0,-1,-1,-1,2,0
629,0,3,1,O'Connell,0,25.0,0,0,,,7.7333,334912,2.0,-1,-1,-1,2,0
630,1,1,1,Barkworth,0,80.0,0,0,,,30.0,27042,3.0,0,23,1,4,2
631,0,3,1,Lundahl,0,51.0,0,0,,,7.0542,347743,3.0,-1,-1,-1,3,0
632,1,1,0,Stahelin-Maeglin,0,32.0,0,0,,,30.5,13214,1.0,1,50,2,2,2
633,0,1,1,Parr,0,40.0,0,0,,,0.0,112052,3.0,-1,-1,-1,3,0
634,0,3,2,Skoog,1,9.0,3,2,,,27.9,347088,3.0,-1,-1,-1,0,2
635,1,2,2,Davis,1,28.0,0,0,,,13.0,237668,3.0,-1,-1,-1,2,1
636,0,3,1,Leinonen,0,32.0,0,0,,,7.925,3101292,3.0,-1,-1,-1,2,1
637,0,2,1,Collyer,0,31.0,1,1,,,26.25,31921,3.0,-1,-1,-1,2,2
638,0,3,2,Panula,1,41.0,0,5,,,39.6875,3101295,3.0,-1,-1,-1,3,3
639,0,3,1,Thorneycroft,0,25.0,1,0,,,16.1,376564,3.0,-1,-1,-1,2,2
640,0,3,1,Jensen,0,20.0,0,0,,,7.8542,350050,3.0,-1,-1,-1,1,0
641,1,1,2,Sagesser,1,24.0,0,0,,,69.3,17477,1.0,1,35,1,1,3
642,0,3,2,Skoog,1,2.0,3,2,,,27.9,347088,3.0,-1,-1,-1,0,2
643,1,3,1,Foo,0,25.0,0,0,,,56.4958,1601,3.0,-1,-1,-1,2,3
644,1,3,2,Baclini,1,0.75,2,1,,,19.2583,2666,1.0,-1,-1,-1,0,2
645,1,1,1,Harper,0,48.0,1,0,,,76.7292,17572,1.0,3,33,1,3,3
646,0,3,1,Cor,0,19.0,0,0,,,7.8958,349231,3.0,-1,-1,-1,1,0
647,1,1,1,Simonius-Blumer,0,56.0,0,0,,,35.5,13213,1.0,0,26,2,3,3
648,0,3,1,Willey,0,25.0,0,0,,,7.55,751,3.0,-1,-1,-1,2,0
649,1,3,2,Stanley,1,23.0,0,0,,,7.55,2314,3.0,-1,-1,-1,1,0
650,0,3,1,Mitkoff,0,25.0,0,0,,,7.8958,349221,3.0,-1,-1,-1,2,0
651,1,2,2,Doling,1,18.0,0,1,,,23.0,231919,3.0,-1,-1,-1,1,2
652,0,3,1,Kalvik,0,21.0,0,0,,,8.4333,8475,3.0,-1,-1,-1,1,1
653,1,3,2,O'Leary,1,21.5,0,0,,,7.8292,330919,2.0,-1,-1,-1,1,0
654,0,3,2,Hegarty,1,18.0,0,0,,,6.75,365226,2.0,-1,-1,-1,1,0
655,0,2,1,Hickman,0,24.0,2,0,,,73.5,14879,3.0,-1,-1,-1,1,3
656,0,3,1,Radeff,0,25.0,0,0,,,7.8958,349223,3.0,-1,-1,-1,2,0
657,0,3,2,Bourke,1,32.0,1,1,,,15.5,364849,2.0,-1,-1,-1,2,2
658,0,2,1,Eitemiller,0,23.0,0,0,,,13.0,29751,3.0,-1,-1,-1,1,1
659,0,1,1,Newell,0,58.0,0,2,,,113.275,35273,1.0,3,48,2,3,3
660,1,1,0,Frauenthal,0,50.0,2,0,,,133.65,17611,3.0,-1,-1,-1,3,3
661,0,3,1,Badt,0,40.0,0,0,,,7.225,2623,1.0,-1,-1,-1,3,0
662,0,1,1,Colley,0,47.0,0,0,,,25.5875,5727,3.0,4,58,2,3,2
663,0,3,1,Coleff,0,36.0,0,0,,,7.4958,349210,3.0,-1,-1,-1,3,0
664,1,3,1,Lindqvist,0,20.0,1,0,,,7.925,3101285,3.0,-1,-1,-1,1,1
665,0,2,1,Hickman,0,32.0,2,0,,,73.5,14879,3.0,-1,-1,-1,2,3
666,0,2,1,Butler,0,25.0,0,0,,,13.0,234686,3.0,-1,-1,-1,2,1
667,0,3,1,Rommetvedt,0,25.0,0,0,,,7.775,312993,3.0,-1,-1,-1,2,0
668,0,3,1,Cook,0,43.0,0,0,,,8.05,3536,3.0,-1,-1,-1,3,1
669,1,1,2,Taylor,1,35.0,1,0,,,52.0,19996,3.0,2,126,2,3,3
670,1,2,2,Brown,1,40.0,1,1,,,39.0,29750,3.0,-1,-1,-1,3,3
671,0,1,1,Davidson,0,31.0,1,0,,,52.0,12750,3.0,1,71,1,2,3
672,0,2,1,Mitchell,0,70.0,0,0,,,10.5,24580,3.0,-1,-1,-1,4,1
673,1,2,1,Wilhelms,0,31.0,0,0,,,13.0,244270,3.0,-1,-1,-1,2,1
674,0,2,1,Watson,0,30.0,0,0,,,0.0,239856,3.0,-1,-1,-1,2,0
675,0,3,1,Edvardsson,0,18.0,0,0,,,7.775,349912,3.0,-1,-1,-1,1,0
676,0,3,1,Sawyer,0,24.5,0,0,,,8.05,342826,3.0,-1,-1,-1,1,1
677,1,3,2,Turja,1,18.0,0,0,,,9.8417,4138,3.0,-1,-1,-1,1,1
678,0,3,2,Goodwin,1,43.0,1,6,,,46.9,2144,3.0,-1,-1,-1,3,3
679,1,1,1,Cardeza,0,36.0,0,1,,,512.3292,17755,1.0,"[1, 1, 1]","[51, 53, 55]","[1, 1, 1]",3,3
680,0,3,2,Peters,1,21.5,0,0,,,8.1375,330935,2.0,-1,-1,-1,1,1
681,1,1,1,Hassab,0,27.0,0,0,,,76.7292,17572,1.0,3,49,1,2,3
682,0,3,1,Olsvigen,0,20.0,0,0,,,9.225,6563,3.0,-1,-1,-1,1,1
683,0,3,1,Goodwin,0,14.0,5,2,,,46.9,2144,3.0,-1,-1,-1,1,3
684,0,2,1,Brown,0,60.0,1,1,,,39.0,29750,3.0,-1,-1,-1,4,3
685,0,2,1,Laroche,0,25.0,1,2,,,41.5792,2123,1.0,-1,-1,-1,2,3
686,0,3,1,Panula,0,14.0,4,1,,,39.6875,3101295,3.0,-1,-1,-1,1,3
687,0,3,1,Dakic,0,19.0,0,0,,,10.1708,349228,3.0,-1,-1,-1,1,1
688,0,3,1,Fischer,0,18.0,0,0,,,7.7958,350036,3.0,-1,-1,-1,1,0
689,1,1,2,Madill,1,15.0,0,1,,,211.3375,24160,3.0,1,5,1,1,3
690,1,1,1,Dick,0,31.0,1,0,,,57.0,17474,3.0,1,20,2,2,3
691,1,3,2,Karun,1,4.0,0,1,,,13.4167,349256,1.0,-1,-1,-1,0,1
692,1,3,1,Lam,0,25.0,0,0,,,56.4958,1601,3.0,-1,-1,-1,2,3
693,0,3,1,Saad,0,25.0,0,0,,,7.225,2672,1.0,-1,-1,-1,2,0
694,0,1,1,Weir,0,60.0,0,0,,,26.55,113800,3.0,-1,-1,-1,4,2
695,0,2,1,Chapman,0,52.0,0,0,,,13.5,248731,3.0,-1,-1,-1,3,1
696,0,3,1,Kelly,0,44.0,0,0,,,8.05,363592,3.0,-1,-1,-1,3,1
697,1,3,2,Mullens,1,21.5,0,0,,,7.7333,35852,2.0,-1,-1,-1,1,0
698,0,1,1,Thayer,0,49.0,1,1,,,110.8833,17421,1.0,2,68,2,3,3
699,0,3,1,Humblen,0,42.0,0,0,,,7.65,348121,3.0,"[5, 6]","[-1, 63]",[1],3,0
700,1,1,2,Astor,1,18.0,1,0,,,227.525,17757,1.0,"[2, 2]","[62, 64]","[2, 2]",1,3
701,1,1,1,Silverthorne,0,35.0,0,0,,,26.2875,17475,3.0,4,24,2,3,2
702,0,3,2,Barbara,1,18.0,0,1,,,14.4542,2691,1.0,-1,-1,-1,1,1
703,0,3,1,Gallagher,0,25.0,0,0,,,7.7417,36864,2.0,-1,-1,-1,2,0
704,0,3,1,Hansen,0,26.0,1,0,,,7.8542,350025,3.0,-1,-1,-1,2,0
705,0,2,1,Morley,0,39.0,0,0,,,26.0,250655,3.0,-1,-1,-1,3,2
706,1,2,2,Kelly,1,45.0,0,0,,,13.5,223596,3.0,-1,-1,-1,3,1
707,1,1,1,Calderhead,0,42.0,0,0,,,26.2875,17476,3.0,4,24,2,3,2
708,1,1,2,Cleaver,1,22.0,0,0,,,151.55,113781,3.0,-1,-1,-1,1,3
709,1,3,1,Moubarek,0,25.0,1,1,,,15.2458,2661,1.0,-1,-1,-1,2,2
710,1,1,2,Mayne,1,24.0,0,0,,,49.5042,17482,1.0,2,90,2,1,3
711,0,1,1,Klaber,0,40.0,0,0,,,26.55,113028,3.0,2,124,2,3,2
712,1,1,1,Taylor,0,48.0,1,0,,,52.0,19996,3.0,2,126,2,3,3
713,0,3,1,Larsson,0,29.0,0,0,,,9.4833,7545,3.0,-1,-1,-1,2,1
714,0,2,1,Greenberg,0,52.0,0,0,,,13.0,250647,3.0,-1,-1,-1,3,1
715,0,3,1,Soholt,0,19.0,0,0,,,7.65,348124,3.0,"[5, 6]","[-1, 73]",[1],1,0
716,1,1,2,Endres,1,38.0,0,0,,,227.525,17757,1.0,2,45,1,3,3
717,1,2,2,Troutt,1,27.0,0,0,,,10.5,34218,3.0,4,101,1,2,1
718,0,3,1,McEvoy,0,25.0,0,0,,,15.5,36568,2.0,-1,-1,-1,2,2
719,0,3,1,Johnson,0,33.0,0,0,,,7.775,347062,3.0,-1,-1,-1,2,0
720,1,2,2,Harper,1,6.0,0,1,,,33.0,248727,3.0,-1,-1,-1,0,3
721,0,3,1,Jensen,0,17.0,1,0,,,7.0542,350048,3.0,-1,-1,-1,1,0
722,0,2,1,Gillespie,0,34.0,0,0,,,13.0,12233,3.0,-1,-1,-1,2,1
723,0,2,1,Hodges,0,50.0,0,0,,,13.0,250643,3.0,-1,-1,-1,3,1
724,1,1,1,Chambers,0,27.0,1,0,,,53.1,113806,3.0,4,8,2,2,3
725,0,3,1,Oreskovic,0,20.0,0,0,,,8.6625,315094,3.0,-1,-1,-1,1,1
726,1,2,2,Renouf,1,30.0,3,0,,,21.0,31027,3.0,-1,-1,-1,2,2
727,1,3,2,Mannion,1,21.5,0,0,,,7.7375,36866,2.0,-1,-1,-1,1,0
728,0,2,1,Bryhl,0,25.0,1,0,,,26.0,236853,3.0,-1,-1,-1,2,2
729,0,3,2,Ilmakangas,1,25.0,1,0,,,7.925,3101271,3.0,-1,-1,-1,2,1
730,1,1,2,Allen,1,29.0,0,0,,,211.3375,24160,3.0,1,5,1,2,3
731,0,3,1,Hassan,0,11.0,0,0,,,18.7875,2699,1.0,-1,-1,-1,0,2
732,0,2,1,Knight,0,30.0,0,0,,,0.0,239855,3.0,-1,-1,-1,2,0
733,0,2,1,Berriman,0,23.0,0,0,,,13.0,28425,3.0,-1,-1,-1,1,1
734,0,2,1,Troupiansky,0,23.0,0,0,,,13.0,233639,3.0,-1,-1,-1,1,1
735,0,3,1,Williams,0,28.5,0,0,,,16.1,54636,3.0,-1,-1,-1,2,2
736,0,3,2,Ford,1,48.0,1,3,,,34.375,6608,3.0,-1,-1,-1,3,3
737,1,1,1,Lesurer,0,35.0,0,0,,,512.3292,17755,1.0,1,101,1,3,3
738,0,3,1,Ivanoff,0,25.0,0,0,,,7.8958,349201,3.0,-1,-1,-1,2,0
739,0,3,1,Nankoff,0,25.0,0,0,,,7.8958,349218,3.0,-1,-1,-1,2,0
740,1,1,1,Hawksford,0,40.0,0,0,,,30.0,16988,3.0,3,45,1,3,2
741,0,1,1,Cavendish,0,36.0,1,0,,,78.85,19877,3.0,2,46,2,3,3
742,1,1,2,Ryerson,1,21.0,2,2,,,262.375,17608,1.0,"[1, 1, 1, 1]","[57, 59, 63, 66]","[1, 1, 1, 2]",1,3
743,0,3,1,McNamee,0,24.0,1,0,,,16.1,376566,3.0,-1,-1,-1,1,2
744,1,3,1,Stranden,0,31.0,0,0,,,7.925,3101288,3.0,-1,-1,-1,2,1
745,0,1,1,Crosby,0,70.0,1,1,,,71.0,5735,3.0,1,22,2,4,3
746,0,3,1,Abbott,0,16.0,1,1,,,20.25,2673,3.0,-1,-1,-1,1,2
747,1,2,2,Sinkkonen,1,30.0,0,0,,,13.0,250648,3.0,-1,-1,-1,2,1
748,0,1,1,Marvin,0,19.0,1,0,,,53.1,113773,3.0,3,30,2,1,3
749,0,3,1,Connaghton,0,31.0,0,0,,,7.75,335097,2.0,-1,-1,-1,2,0
750,1,2,2,Wells,1,4.0,1,1,,,23.0,29103,3.0,-1,-1,-1,0,2
751,1,3,1,Moor,0,6.0,0,1,,,12.475,392096,3.0,4,121,1,0,1
752,0,3,1,Vande Velde,0,33.0,0,0,,,9.5,345780,3.0,-1,-1,-1,2,1
753,0,3,1,Jonkoff,0,23.0,0,0,,,7.8958,349204,3.0,-1,-1,-1,1,0
754,1,2,2,Herman,1,48.0,1,2,,,65.0,220845,3.0,-1,-1,-1,3,3
755,1,2,1,Hamalainen,0,0.67,1,1,,,14.5,250649,3.0,-1,-1,-1,0,2
756,0,3,1,Carlsson,0,28.0,0,0,,,7.7958,350042,3.0,-1,-1,-1,2,0
757,0,2,1,Bailey,0,18.0,0,0,,,11.5,29108,3.0,-1,-1,-1,1,1
758,0,3,1,Theobald,0,34.0,0,0,,,8.05,363294,3.0,-1,-1,-1,2,1
759,1,1,2,Rothes,1,33.0,0,0,,,86.5,110152,3.0,1,77,1,2,3
760,0,3,1,Garfirth,0,25.0,0,0,,,14.5,358585,3.0,-1,-1,-1,2,2
761,0,3,1,Nirva,0,41.0,0,0,,,7.125,3101272,3.0,-1,-1,-1,3,0
762,1,3,1,Barah,0,20.0,0,0,,,7.2292,2663,1.0,-1,-1,-1,1,0
763,1,1,2,Carter,1,36.0,1,2,,,120.0,113760,3.0,"[1, 1]","[96, 98]","[2, 2]",3,3
764,0,3,1,Eklund,0,16.0,0,0,,,7.775,347074,3.0,-1,-1,-1,1,0
765,1,1,2,Hogeboom,1,51.0,1,0,,,77.9583,13502,3.0,3,11,1,3,3
766,0,1,0,Brewe,0,40.0,0,0,,,39.6,112379,1.0,-1,-1,-1,3,3
767,0,3,2,Mangan,1,30.5,0,0,,,7.75,364850,2.0,-1,-1,-1,2,0
768,0,3,1,Moran,0,25.0,1,0,,,24.15,371110,2.0,-1,-1,-1,2,2
769,0,3,1,Gronnestad,0,32.0,0,0,,,8.3625,8471,3.0,-1,-1,-1,2,1
770,0,3,1,Lievens,0,24.0,0,0,,,9.5,345781,3.0,-1,-1,-1,1,1
771,0,3,1,Jensen,0,48.0,0,0,,,7.8542,350047,3.0,-1,-1,-1,3,0
772,0,2,2,Mack,1,57.0,0,0,,,10.5,3,3.0,4,77,1,3,1
773,0,3,1,Elias,0,25.0,0,0,,,7.225,2674,1.0,-1,-1,-1,2,0
774,1,2,2,Hocking,1,54.0,1,3,,,23.0,29105,3.0,-1,-1,-1,3,2
775,0,3,1,Myhrman,0,18.0,0,0,,,7.75,347078,3.0,-1,-1,-1,1,0
776,0,3,1,Tobin,0,25.0,0,0,,,7.75,383121,2.0,5,38,2,2,0
777,1,3,2,Emanuel,1,5.0,0,0,,,12.475,364516,3.0,-1,-1,-1,0,1
778,0,3,1,Kilgannon,0,25.0,0,0,,,7.7375,36865,2.0,-1,-1,-1,2,0
779,1,1,2,Robert,1,43.0,0,1,,,211.3375,24160,3.0,1,3,1,3,3
780,1,3,2,Ayoub,1,13.0,0,0,,,7.2292,2687,1.0,-1,-1,-1,0,0
781,1,1,2,Dick,1,17.0,1,0,,,57.0,17474,3.0,1,20,2,1,3
782,0,1,1,Long,0,29.0,0,0,,,30.0,113501,3.0,3,6,2,2,2
783,0,3,1,Johnston,0,25.0,1,2,,,23.45,6607,3.0,-1,-1,-1,2,2
784,0,3,1,Ali,0,25.0,0,0,,,7.05,3101312,3.0,-1,-1,-1,2,0
785,0,3,1,Harmer,0,25.0,0,0,,,7.25,374887,3.0,-1,-1,-1,2,0
786,1,3,2,Sjoblom,1,18.0,0,0,,,7.4958,3101265,3.0,-1,-1,-1,1,0
787,0,3,1,Rice,0,8.0,4,1,,,29.125,382652,2.0,-1,-1,-1,0,2
788,1,3,1,Dean,0,1.0,1,2,,,20.575,2315,3.0,-1,-1,-1,0,2
789,0,1,1,Guggenheim,0,46.0,0,0,,,79.2,17593,1.0,"[1, 1]","[82, 84]","[2, 2]",3,3
790,0,3,1,Keane,0,25.0,0,0,,,7.75,12460,2.0,-1,-1,-1,2,0
791,0,2,1,Gaskell,0,16.0,0,0,,,26.0,239865,3.0,-1,-1,-1,1,2
792,0,3,2,Sage,1,21.5,8,2,,,69.55,2343,3.0,-1,-1,-1,1,3
793,0,1,1,Hoyt,0,40.0,0,0,,,30.6958,17600,1.0,-1,-1,-1,3,2
794,0,3,1,Dantcheff,0,25.0,0,0,,,7.8958,349203,3.0,-1,-1,-1,2,0
795,0,2,1,Otter,0,39.0,0,0,,,13.0,28213,3.0,-1,-1,-1,3,1
796,1,1,0,Leader,1,49.0,0,0,,,25.9292,17465,3.0,3,17,1,3,2
797,1,3,2,Osman,1,31.0,0,0,,,8.6833,349244,3.0,-1,-1,-1,2,1
798,0,3,1,Ibrahim Shawah,0,30.0,0,0,,,7.2292,2685,1.0,-1,-1,-1,2,0
799,0,3,2,Van Impe,1,30.0,1,1,,,24.15,345773,3.0,-1,-1,-1,2,2
800,0,2,1,Ponesell,0,34.0,0,0,,,13.0,250647,3.0,-1,-1,-1,2,1
801,1,2,2,Collyer,1,31.0,1,1,,,26.25,31921,3.0,-1,-1,-1,2,2
802,1,1,1,Carter,0,11.0,1,2,,,120.0,113760,3.0,"[1, 1]","[96, 98]","[2, 2]",0,3
803,1,3,1,Thomas,0,0.42,0,1,,,8.5167,2625,1.0,-1,-1,-1,0,1
804,1,3,1,Hedman,0,27.0,0,0,,,6.975,347089,3.0,-1,-1,-1,2,0
805,0,3,1,Johansson,0,31.0,0,0,,,7.775,347063,3.0,-1,-1,-1,2,0
806,0,1,1,Andrews,0,39.0,0,0,,,0.0,112050,3.0,0,36,2,3,0
807,0,3,2,Pettersson,1,18.0,0,0,,,7.775,347087,3.0,-1,-1,-1,1,0
808,0,2,1,Meyer,0,39.0,0,0,,,13.0,248723,3.0,-1,-1,-1,3,1
809,1,1,2,Chambers,1,33.0,1,0,,,53.1,113806,3.0,4,8,2,2,3
810,0,3,1,Alexander,0,26.0,0,0,,,7.8875,3474,3.0,-1,-1,-1,2,0
811,0,3,1,Lester,0,39.0,0,0,,,24.15,48871,3.0,-1,-1,-1,3,2
812,0,2,1,Slemen,0,35.0,0,0,,,10.5,28206,3.0,-1,-1,-1,3,1
813,0,3,2,Andersson,1,6.0,4,2,,,31.275,347082,3.0,-1,-1,-1,0,3
814,0,3,1,Tomlin,0,30.5,0,0,,,8.05,364499,3.0,-1,-1,-1,2,1
815,0,1,1,Fry,0,40.0,0,0,,,0.0,112058,3.0,1,102,2,3,0
816,0,3,2,Heininen,1,23.0,0,0,,,7.925,3101290,3.0,-1,-1,-1,1,1
817,0,2,1,Mallet,0,31.0,1,1,,,37.0042,2079,1.0,-1,-1,-1,2,3
818,0,3,1,Holm,0,43.0,0,0,,,6.45,7075,3.0,-1,-1,-1,3,0
819,0,3,1,Skoog,0,10.0,3,2,,,27.9,347088,3.0,-1,-1,-1,0,2
820,1,1,2,Hays,1,52.0,1,1,,,93.5,12749,3.0,1,69,1,3,3
821,1,3,1,Lulic,0,27.0,0,0,,,8.6625,315098,3.0,-1,-1,-1,2,1
822,0,1,1,Reuchlin,0,38.0,0,0,,,0.0,19972,3.0,-1,-1,-1,3,0
823,1,3,2,Moor,1,27.0,0,1,,,12.475,392096,3.0,4,121,1,2,1
824,0,3,1,Panula,0,2.0,4,1,,,39.6875,3101295,3.0,-1,-1,-1,0,3
825,0,3,1,Flynn,0,25.0,0,0,,,6.95,368323,2.0,-1,-1,-1,2,0
826,0,3,1,Lam,0,25.0,0,0,,,56.4958,1601,3.0,-1,-1,-1,2,3
827,1,2,1,Mallet,0,1.0,0,2,,,37.0042,2079,1.0,-1,-1,-1,0,3
828,1,3,1,McCormack,0,25.0,0,0,,,7.75,367228,2.0,-1,-1,-1,2,0
829,1,1,2,Stone,1,62.0,0,0,,,80.0,113572,-1.0,1,28,2,4,3
830,1,3,2,Yasbeck,1,15.0,1,0,,,14.4542,2659,1.0,-1,-1,-1,1,1
831,1,2,1,Richards,0,0.83,1,1,,,18.75,29106,3.0,-1,-1,-1,0,2
832,0,3,1,Saad,0,25.0,0,0,,,7.2292,2671,1.0,-1,-1,-1,2,0
833,0,3,1,Augustsson,0,23.0,0,0,,,7.8542,347468,3.0,-1,-1,-1,1,0
834,0,3,1,Allum,0,18.0,0,0,,,8.3,2223,3.0,-1,-1,-1,1,1
835,1,1,2,Compton,1,39.0,1,1,,,83.1583,17756,1.0,4,49,1,3,3
836,0,3,1,Pasic,0,21.0,0,0,,,8.6625,315097,3.0,-1,-1,-1,1,1
837,0,3,1,Sirota,0,25.0,0,0,,,8.05,392092,3.0,-1,-1,-1,2,1
838,1,3,1,Chip,0,32.0,0,0,,,56.4958,1601,3.0,-1,-1,-1,2,3
839,1,1,1,Marechal,0,40.0,0,0,,,29.7,11774,1.0,2,47,1,3,2
840,0,3,1,Alhomaki,0,20.0,0,0,,,7.925,3101287,3.0,-1,-1,-1,1,1
841,0,2,1,Mudd,0,16.0,0,0,,,10.5,3,3.0,-1,-1,-1,1,1
842,1,1,2,Serepeca,1,30.0,0,0,,,31.0,113798,1.0,-1,-1,-1,2,2
843,0,3,1,Lemberopolous,0,34.5,0,0,,,6.4375,2683,1.0,-1,-1,-1,2,0
844,0,3,1,Culumovic,0,17.0,0,0,,,8.6625,315090,3.0,-1,-1,-1,1,1
845,0,3,1,Abbing,0,42.0,0,0,,,7.55,5547,3.0,-1,-1,-1,3,0
846,0,3,1,Sage,0,25.0,8,2,,,69.55,2343,3.0,-1,-1,-1,2,3
847,0,3,1,Markoff,0,35.0,0,0,,,7.8958,349213,1.0,-1,-1,-1,3,0
848,0,2,1,Harper,0,28.0,0,1,,,33.0,248727,3.0,-1,-1,-1,2,3
849,1,1,2,Goldenberg,1,35.0,1,0,,,89.1042,17453,1.0,2,92,2,3,3
850,0,3,1,Andersson,0,4.0,4,2,,,31.275,347082,3.0,-1,-1,-1,0,3
851,0,3,1,Svensson,0,74.0,0,0,,,7.775,347060,3.0,-1,-1,-1,4,0
852,0,3,2,Boulos,1,9.0,1,1,,,15.2458,2678,1.0,-1,-1,-1,0,2
853,1,1,2,Lines,1,16.0,0,1,,,39.4,17592,3.0,3,28,2,1,3
854,0,2,2,Carter,1,44.0,1,0,,,26.0,244252,3.0,-1,-1,-1,3,2
855,1,3,2,Aks,1,18.0,0,1,,,9.35,392091,3.0,-1,-1,-1,1,1
856,1,1,2,Wick,1,45.0,1,1,,,164.8667,36928,3.0,-1,-1,-1,3,3
857,1,1,1,Daly,0,51.0,0,0,,,26.55,113055,3.0,4,17,1,3,2
858,1,3,2,Baclini,1,24.0,0,3,,,19.2583,2666,1.0,-1,-1,-1,1,2
859,0,3,1,Razi,0,25.0,0,0,,,7.2292,2629,1.0,-1,-1,-1,2,0
860,0,3,1,Hansen,0,41.0,2,0,,,14.1083,350026,3.0,-1,-1,-1,3,1
861,0,2,1,Giles,0,21.0,1,0,,,11.5,28134,3.0,-1,-1,-1,1,1
862,1,1,2,Swift,1,48.0,0,0,,,25.9292,17466,3.0,3,17,1,3,2
863,0,3,2,Sage,1,21.5,8,2,,,69.55,2343,3.0,-1,-1,-1,1,3
864,0,2,1,Gill,0,24.0,0,0,,,13.0,233866,3.0,-1,-1,-1,1,1
865,1,2,2,Bystrom,1,42.0,0,0,,,13.0,236852,3.0,-1,-1,-1,3,1
866,1,2,2,Duran y More,1,27.0,1,0,,,13.8583,2149,1.0,-1,-1,-1,2,1
867,0,1,1,Roebling,0,31.0,0,0,,,50.4958,17590,3.0,0,24,2,2,3
868,0,3,1,van Melkebeke,0,25.0,0,0,,,9.5,345777,3.0,-1,-1,-1,2,1
869,1,3,1,Johnson,0,4.0,1,1,,,11.1333,347742,3.0,-1,-1,-1,0,1
870,0,3,1,Balkic,0,26.0,0,0,,,7.8958,349248,3.0,-1,-1,-1,2,0
871,1,1,2,Beckwith,1,47.0,1,1,,,52.5542,11751,3.0,3,35,1,3,3
872,0,1,1,Carlsson,0,33.0,0,0,,,5.0,695,3.0,"[1, 1, 1]","[51, 53, 55]","[1, 1, 1]",2,0
873,0,3,1,Vander Cruyssen,0,47.0,0,0,,,9.0,345765,3.0,-1,-1,-1,3,1
874,1,2,2,Abelson,1,28.0,1,0,,,24.0,3381,1.0,-1,-1,-1,2,2
875,1,3,2,Najib,1,15.0,0,0,,,7.225,2667,1.0,-1,-1,-1,1,0
876,0,3,1,Gustafsson,0,20.0,0,0,,,9.8458,7534,3.0,-1,-1,-1,1,1
877,0,3,1,Petroff,0,19.0,0,0,,,7.8958,349212,3.0,-1,-1,-1,1,0
878,0,3,1,Laleff,0,25.0,0,0,,,7.8958,349217,3.0,-1,-1,-1,2,0
879,1,1,2,Potter,1,56.0,0,1,,,83.1583,11767,1.0,2,50,2,3,3
880,1,2,2,Shelley,1,25.0,0,1,,,26.0,230433,3.0,-1,-1,-1,2,2
881,0,3,1,Markun,0,33.0,0,0,,,7.8958,349257,3.0,-1,-1,-1,2,0
882,0,3,2,Dahlberg,1,22.0,0,0,,,10.5167,7552,3.0,-1,-1,-1,1,1
883,0,2,1,Banfield,0,28.0,0,0,,,10.5,34068,3.0,-1,-1,-1,2,1
884,0,3,1,Sutehall,0,25.0,0,0,,,7.05,392076,3.0,-1,-1,-1,2,0
885,0,3,2,Rice,1,39.0,0,5,,,29.125,382652,2.0,-1,-1,-1,3,2
886,0,2,1,Montvila,0,27.0,0,0,,,13.0,211536,3.0,-1,-1,-1,2,1
887,1,1,2,Graham,1,19.0,0,0,,,30.0,112053,3.0,1,42,2,1,2
888,0,3,2,Johnston,1,21.5,1,2,,,23.45,6607,3.0,-1,-1,-1,1,2
889,1,1,1,Behr,0,26.0,0,0,,,30.0,111369,1.0,2,148,2,2,2
890,0,3,1,Dooley,0,32.0,0,0,,,7.75,370376,2.0,-1,-1,-1,2,0
